holdout_id,budget,comparator,match_type,comparator_scheduler_recall,comparator_absolute_recall,source_retained_absolute_recall,source_retained_scheduler_recall,source_retained_served_attack_mass,source_retained_backend_fail,source_retained_cost,source_retained_clean,source_retained_served_count,source_minus_comparator_scheduler_recall,source_minus_comparator_absolute_recall
cfA_frontloaded_0_seed20260511_off1020,1,topk_expected_consequence,served_count,0.06533945890760591,0.06183574879227054,0.07391304347826087,0.07810107197549769,40.20000000000002,118,192.55502124043005,5,133,0.01276161306789178,0.012077294685990336
cfA_frontloaded_0_seed20260511_off1020,1,topk_expected_consequence,cost,0.06533945890760591,0.06183574879227054,0.07391304347826087,0.07810107197549769,40.95000000000002,119,191.90569460893266,5,134,0.01276161306789178,0.012077294685990336
cfA_frontloaded_0_seed20260511_off1020,1,topk_expected_consequence,backend_fail,0.06533945890760591,0.06183574879227054,0.08115942028985508,0.08575803981623276,43.20000000000002,121,197.18288008826448,5,137,0.020418580908626846,0.019323671497584544
cfA_frontloaded_0_seed20260511_off1020,1,topk_expected_consequence,clean_service,0.06533945890760591,0.06183574879227054,0.09565217391304348,0.1010719754977029,52.20000000000002,140,233.4276969165744,14,158,0.03573251659009699,0.033816425120772944
cfA_frontloaded_1_seed20260512_off1080,1,topk_expected_consequence,served_count,0.07302231237322515,0.06956521739130435,0.0927536231884058,0.09736308316430019,49.500000000000014,125,296.106059611845,18,144,0.024340770791075036,0.02318840579710145
cfA_frontloaded_1_seed20260512_off1080,1,topk_expected_consequence,cost,0.07302231237322515,0.06956521739130435,0.0927536231884058,0.09736308316430019,49.500000000000014,125,296.106059611845,18,144,0.024340770791075036,0.02318840579710145
cfA_frontloaded_1_seed20260512_off1080,1,topk_expected_consequence,backend_fail,0.07302231237322515,0.06956521739130435,0.0927536231884058,0.09736308316430019,49.500000000000014,125,296.106059611845,18,144,0.024340770791075036,0.02318840579710145
cfA_frontloaded_1_seed20260512_off1080,1,topk_expected_consequence,clean_service,0.07302231237322515,0.06956521739130435,0.0927536231884058,0.09736308316430019,49.500000000000014,125,296.106059611845,18,144,0.024340770791075036,0.02318840579710145
cfB_backloaded_0_seed20260521_off1140,1,topk_expected_consequence,served_count,0.11035313001605132,0.10784313725490198,0.13647058823529412,0.13964686998394857,54.54999999999994,72,164.05412630382716,7,95,0.029293739967897248,0.02862745098039214
cfB_backloaded_0_seed20260521_off1140,1,topk_expected_consequence,cost,0.11035313001605132,0.10784313725490198,0.13647058823529412,0.13964686998394857,54.099999999999945,69,152.2740031513954,7,92,0.029293739967897248,0.02862745098039214
cfB_backloaded_0_seed20260521_off1140,1,topk_expected_consequence,backend_fail,0.11035313001605132,0.10784313725490198,0.1388235294117647,0.14205457463884422,55.29999999999993,75,184.59570857539484,7,100,0.031701444622792896,0.030980392156862727
cfB_backloaded_0_seed20260521_off1140,1,topk_expected_consequence,clean_service,0.11035313001605132,0.10784313725490198,0.14117647058823526,0.14446227929373986,57.099999999999916,85,184.9446859206878,7,112,0.034109149277688544,0.033333333333333284
cfB_backloaded_1_seed20260522_off1200,1,topk_expected_consequence,served_count,0.0964,0.09450980392156863,0.09450980392156863,0.0964,42.34999999999994,101,148.27421840083798,12,119,0.0,0.0
cfB_backloaded_1_seed20260522_off1200,1,topk_expected_consequence,cost,0.0964,0.09450980392156863,0.09450980392156863,0.0964,42.34999999999994,110,164.3820040638525,21,128,0.0,0.0
cfB_backloaded_1_seed20260522_off1200,1,topk_expected_consequence,backend_fail,0.0964,0.09450980392156863,0.09450980392156863,0.0964,42.34999999999994,101,148.27421840083798,12,119,0.0,0.0
cfB_backloaded_1_seed20260522_off1200,1,topk_expected_consequence,clean_service,0.0964,0.09450980392156863,0.09450980392156863,0.0964,42.34999999999994,110,164.3820040638525,21,128,0.0,0.0
cfC_interleaved_0_seed20260611_off1260,1,topk_expected_consequence,served_count,0.06846361185983817,0.06719576719576717,0.06666666666666664,0.06792452830188668,35.649999999999956,84,193.90243680148615,0,94,-0.0005390835579514863,-0.0005291005291005318
cfC_interleaved_0_seed20260611_off1260,1,topk_expected_consequence,cost,0.06846361185983817,0.06719576719576717,0.06666666666666664,0.06792452830188668,22.450000000000003,51,147.64225236022685,0,61,-0.0005390835579514863,-0.0005291005291005318
cfC_interleaved_0_seed20260611_off1260,1,topk_expected_consequence,backend_fail,0.06846361185983817,0.06719576719576717,0.06666666666666664,0.06792452830188668,36.049999999999955,85,195.99310061570304,0,95,-0.0005390835579514863,-0.0005291005291005318
cfC_interleaved_0_seed20260611_off1260,1,topk_expected_consequence,clean_service,0.06846361185983817,0.06719576719576717,0.06666666666666664,0.06792452830188668,38.449999999999946,92,208.55506424498253,1,102,-0.0005390835579514863,-0.0005291005291005318
cfC_interleaved_1_seed20260612_off1320,1,topk_expected_consequence,served_count,0.06321525885558574,0.06137566137566137,0.10264550264550262,0.10572207084468647,37.2,84,217.1389033985397,16,97,0.04250681198910074,0.041269841269841255
cfC_interleaved_1_seed20260612_off1320,1,topk_expected_consequence,cost,0.06321525885558574,0.06137566137566137,0.10264550264550262,0.10572207084468647,37.6,85,217.0130577935197,16,98,0.04250681198910074,0.041269841269841255
cfC_interleaved_1_seed20260612_off1320,1,topk_expected_consequence,backend_fail,0.06321525885558574,0.06137566137566137,0.10687830687830686,0.11008174386920963,38.8,87,222.50187910228578,16,101,0.04686648501362389,0.045502645502645496
cfC_interleaved_1_seed20260612_off1320,1,topk_expected_consequence,clean_service,0.06321525885558574,0.06137566137566137,0.11534391534391533,0.11880108991825596,41.19999999999999,93,259.97884772680027,18,109,0.05558583106267022,0.053968253968253964
cfD_tailheavy_0_seed20260621_off1380,1,topk_expected_consequence,served_count,0.035936420179682085,0.035016835016835016,0.0026936026936026937,0.0027643400138216987,23.8,88,120.94260864194439,17,89,-0.03317208016586039,-0.03232323232323232
cfD_tailheavy_0_seed20260621_off1380,1,topk_expected_consequence,cost,0.035936420179682085,0.035016835016835016,0.051178451178451184,0.05252246026261228,45.40000000000003,100,165.9612063993418,17,107,0.016586040082930194,0.01616161616161617
cfD_tailheavy_0_seed20260621_off1380,1,topk_expected_consequence,backend_fail,0.035936420179682085,0.035016835016835016,0.0026936026936026937,0.0027643400138216987,19.000000000000004,84,117.04146569855675,17,85,-0.03317208016586039,-0.03232323232323232
cfD_tailheavy_0_seed20260621_off1380,1,topk_expected_consequence,clean_service,0.035936420179682085,0.035016835016835016,0.051178451178451184,0.05252246026261228,45.40000000000003,100,165.9612063993418,17,107,0.016586040082930194,0.01616161616161617
cfD_tailheavy_1_seed20260622_off1440,1,topk_expected_consequence,served_count,0.0656185919343814,0.06464646464646466,0.0457912457912458,0.046479835953520156,24.099999999999998,72,143.94031691075907,10,79,-0.01913875598086124,-0.01885521885521886
cfD_tailheavy_1_seed20260622_off1440,1,topk_expected_consequence,cost,0.0656185919343814,0.06464646464646466,0.0053872053872053875,0.005468215994531783,18.1,72,125.45722638341067,10,74,-0.060150375939849614,-0.059259259259259275
cfD_tailheavy_1_seed20260622_off1440,1,topk_expected_consequence,backend_fail,0.0656185919343814,0.06464646464646466,0.0053872053872053875,0.005468215994531783,17.700000000000003,71,125.20748571659715,10,73,-0.060150375939849614,-0.059259259259259275
cfD_tailheavy_1_seed20260622_off1440,1,topk_expected_consequence,clean_service,0.0656185919343814,0.06464646464646466,0.0,0.0,2.500000000000001,34,46.29497447421454,9,34,-0.0656185919343814,-0.06464646464646466
cfA_frontloaded_0_seed20260511_off1020,1,winner_replay,served_count,0.07554874936191934,0.07149758454106281,0.03043478260869565,0.032159264931087284,23.450000000000017,96,166.41692054806936,5,103,-0.043389484430832057,-0.04106280193236716
cfA_frontloaded_0_seed20260511_off1020,1,winner_replay,cost,0.07554874936191934,0.07149758454106281,0.0014492753623188406,0.0015313935681470134,10.950000000000015,76,145.83780280684823,4,77,-0.07401735579377233,-0.07004830917874397
cfA_frontloaded_0_seed20260511_off1020,1,winner_replay,backend_fail,0.07554874936191934,0.07149758454106281,0.025603864734299518,0.027054619703930572,19.450000000000017,89,167.1057863564738,5,95,-0.04849412965798877,-0.045893719806763295
cfA_frontloaded_0_seed20260511_off1020,1,winner_replay,clean_service,0.07554874936191934,0.07149758454106281,0.09565217391304348,0.1010719754977029,52.20000000000002,136,220.35469862089076,10,154,0.02552322613578356,0.024154589371980673
cfA_frontloaded_1_seed20260512_off1080,1,winner_replay,served_count,0.06947261663286003,0.06618357487922705,0.049275362318840575,0.051724137931034475,36.000000000000014,107,236.5580367576722,12,120,-0.017748478701825554,-0.016908212560386472
cfA_frontloaded_1_seed20260512_off1080,1,winner_replay,cost,0.06947261663286003,0.06618357487922705,0.049275362318840575,0.051724137931034475,39.000000000000014,111,244.08015479276673,12,124,-0.017748478701825554,-0.016908212560386472
cfA_frontloaded_1_seed20260512_off1080,1,winner_replay,backend_fail,0.06947261663286003,0.06618357487922705,0.049275362318840575,0.051724137931034475,34.500000000000014,105,234.00943165689478,12,118,-0.017748478701825554,-0.016908212560386472
cfA_frontloaded_1_seed20260512_off1080,1,winner_replay,clean_service,0.06947261663286003,0.06618357487922705,0.0,0.0,0.0,5,10.831838365161275,5,5,-0.06947261663286003,-0.06618357487922705
cfB_backloaded_0_seed20260521_off1140,1,winner_replay,served_count,0.07343499197431778,0.07176470588235294,0.10235294117647059,0.10473515248796143,40.29999999999999,54,91.93374282733157,7,72,0.03130016051364365,0.030588235294117652
cfB_backloaded_0_seed20260521_off1140,1,winner_replay,cost,0.07343499197431778,0.07176470588235294,0.13529411764705884,0.13844301765650077,53.19999999999995,64,116.98908228019945,7,86,0.06500802568218299,0.0635294117647059
cfB_backloaded_0_seed20260521_off1140,1,winner_replay,backend_fail,0.07343499197431778,0.07176470588235294,0.11882352941176472,0.1215890850722311,45.549999999999976,57,98.68919503570987,7,77,0.04815409309791331,0.04705882352941178
cfB_backloaded_0_seed20260521_off1140,1,winner_replay,clean_service,0.07343499197431778,0.07176470588235294,0.0,0.0,0.0,6,8.149784079692836,6,6,-0.07343499197431778,-0.07176470588235294
cfB_backloaded_1_seed20260522_off1200,1,winner_replay,served_count,0.0764,0.07490196078431373,0.09215686274509804,0.09399999999999999,40.99999999999995,87,130.68916928376711,5,103,0.01759999999999999,0.017254901960784316
cfB_backloaded_1_seed20260522_off1200,1,winner_replay,cost,0.0764,0.07490196078431373,0.09098039215686274,0.09279999999999998,36.94999999999999,61,122.81607368383447,5,76,0.016399999999999984,0.01607843137254901
cfB_backloaded_1_seed20260522_off1200,1,winner_replay,backend_fail,0.0764,0.07490196078431373,0.09215686274509804,0.09399999999999999,41.14999999999995,88,131.76368326343618,5,104,0.01759999999999999,0.017254901960784316
cfB_backloaded_1_seed20260522_off1200,1,winner_replay,clean_service,0.0764,0.07490196078431373,0.09450980392156863,0.0964,42.34999999999994,100,144.86060891468833,11,118,0.020000000000000004,0.0196078431372549
cfC_interleaved_0_seed20260611_off1260,1,winner_replay,served_count,0.05121293800539076,0.05026455026455025,0.06666666666666664,0.06792452830188668,32.04999999999997,75,180.2130416305181,0,85,0.016711590296495923,0.01640211640211639
cfC_interleaved_0_seed20260611_off1260,1,winner_replay,cost,0.05121293800539076,0.05026455026455025,0.03333333333333332,0.03396226415094334,11.400000000000002,41,131.97135252201588,0,48,-0.017250673854447417,-0.01693121693121693
cfC_interleaved_0_seed20260611_off1260,1,winner_replay,backend_fail,0.05121293800539076,0.05026455026455025,0.06666666666666664,0.06792452830188668,32.849999999999966,77,184.94322445944545,0,87,0.016711590296495923,0.01640211640211639
cfC_interleaved_0_seed20260611_off1260,1,winner_replay,clean_service,0.05121293800539076,0.05026455026455025,0.06666666666666664,0.06792452830188668,38.449999999999946,92,208.55506424498253,1,102,0.016711590296495923,0.01640211640211639
cfC_interleaved_1_seed20260612_off1320,1,winner_replay,served_count,0.07465940054495901,0.07248677248677247,0.0984126984126984,0.10136239782016332,36.00000000000001,81,213.92633791716707,15,93,0.02670299727520431,0.02592592592592592
cfC_interleaved_1_seed20260612_off1320,1,winner_replay,cost,0.07465940054495901,0.07248677248677247,0.0984126984126984,0.10136239782016332,36.00000000000001,80,210.92385838376413,14,92,0.02670299727520431,0.02592592592592592
cfC_interleaved_1_seed20260612_off1320,1,winner_replay,backend_fail,0.07465940054495901,0.07248677248677247,0.0984126984126984,0.10136239782016332,36.00000000000001,81,213.92633791716707,15,93,0.02670299727520431,0.02592592592592592
cfC_interleaved_1_seed20260612_off1320,1,winner_replay,clean_service,0.07465940054495901,0.07248677248677247,0.0984126984126984,0.10136239782016332,36.00000000000001,80,210.92385838376413,14,92,0.02670299727520431,0.02592592592592592
cfD_tailheavy_0_seed20260621_off1380,1,winner_replay,served_count,0.035936420179682085,0.035016835016835016,0.0026936026936026937,0.0027643400138216987,16.60000000000001,72,97.7807005373661,9,73,-0.03317208016586039,-0.03232323232323232
cfD_tailheavy_0_seed20260621_off1380,1,winner_replay,cost,0.035936420179682085,0.035016835016835016,0.010774410774410775,0.011057360055286795,32.199999999999996,94,129.54824489963357,17,96,-0.02487906012439529,-0.02424242424242424
cfD_tailheavy_0_seed20260621_off1380,1,winner_replay,backend_fail,0.035936420179682085,0.035016835016835016,0.0026936026936026937,0.0027643400138216987,15.00000000000001,68,87.02701324411555,9,69,-0.03317208016586039,-0.03232323232323232
cfD_tailheavy_0_seed20260621_off1380,1,winner_replay,clean_service,0.035936420179682085,0.035016835016835016,0.0026936026936026937,0.0027643400138216987,17.800000000000004,75,103.74625741293767,9,76,-0.03317208016586039,-0.03232323232323232
cfD_tailheavy_1_seed20260622_off1440,1,winner_replay,served_count,0.046479835953520156,0.0457912457912458,0.0026936026936026937,0.0027341079972658913,14.500000000000009,64,99.85656431929328,10,65,-0.04374572795625426,-0.04309764309764311
cfD_tailheavy_1_seed20260622_off1440,1,winner_replay,cost,0.046479835953520156,0.0457912457912458,0.0026936026936026937,0.0027341079972658913,13.300000000000008,61,93.99537699533084,10,62,-0.04374572795625426,-0.04309764309764311
cfD_tailheavy_1_seed20260622_off1440,1,winner_replay,backend_fail,0.046479835953520156,0.0457912457912458,0.0026936026936026937,0.0027341079972658913,12.100000000000007,58,85.69741736911692,10,59,-0.04374572795625426,-0.04309764309764311
cfD_tailheavy_1_seed20260622_off1440,1,winner_replay,clean_service,0.046479835953520156,0.0457912457912458,0.0,0.0,0.0,7,17.059798327823955,7,7,-0.046479835953520156,-0.0457912457912458
cfA_frontloaded_0_seed20260511_off1020,2,topk_expected_consequence,served_count,0.1470137825421133,0.1391304347826087,0.16570048309178742,0.1750893312914752,70.20000000000002,151,289.52595737406773,7,182,0.028075548749361884,0.026570048309178723
cfA_frontloaded_0_seed20260511_off1020,2,topk_expected_consequence,cost,0.1470137825421133,0.1391304347826087,0.13671497584541062,0.14446145992853496,59.70000000000002,141,258.8678095249361,7,168,-0.0025523226135783506,-0.0024154589371980784
cfA_frontloaded_0_seed20260511_off1020,2,topk_expected_consequence,backend_fail,0.1470137825421133,0.1391304347826087,0.18019323671497584,0.19040326697294532,76.20000000000002,157,315.85339309732717,7,190,0.043389484430832015,0.04106280193236714
cfA_frontloaded_0_seed20260511_off1020,2,topk_expected_consequence,clean_service,0.1470137825421133,0.1391304347826087,0.18743961352657004,0.1980602348136804,80.70000000000002,172,324.8812513535813,17,206,0.051046452271567094,0.048309178743961345
cfA_frontloaded_1_seed20260512_off1080,2,topk_expected_consequence,served_count,0.1328600405679513,0.12657004830917873,0.15072463768115943,0.1582150101419878,71.85000000000001,153,354.0879670462964,12,183,0.02535496957403649,0.0241545893719807
cfA_frontloaded_1_seed20260512_off1080,2,topk_expected_consequence,cost,0.1328600405679513,0.12657004830917873,0.17246376811594205,0.1810344827586207,77.85000000000001,158,376.7816247570845,12,191,0.04817444219066938,0.04589371980676332
cfA_frontloaded_1_seed20260512_off1080,2,topk_expected_consequence,backend_fail,0.1328600405679513,0.12657004830917873,0.17246376811594205,0.1810344827586207,77.85000000000001,158,376.7816247570845,12,191,0.04817444219066938,0.04589371980676332
cfA_frontloaded_1_seed20260512_off1080,2,topk_expected_consequence,clean_service,0.1328600405679513,0.12657004830917873,0.17971014492753626,0.18864097363083165,79.35000000000001,168,421.86319021013696,21,202,0.055780933062880345,0.05314009661835753
cfB_backloaded_0_seed20260521_off1140,2,topk_expected_consequence,served_count,0.1617174959871588,0.15803921568627446,0.18862745098039216,0.19301765650080246,83.50000000000004,117,332.5269512525274,9,151,0.03130016051364368,0.030588235294117694
cfB_backloaded_0_seed20260521_off1140,2,topk_expected_consequence,cost,0.1617174959871588,0.15803921568627446,0.18745098039215688,0.19181380417335464,82.90000000000002,114,310.9797560831439,9,147,0.030096308186195853,0.029411764705882415
cfB_backloaded_0_seed20260521_off1140,2,topk_expected_consequence,backend_fail,0.1617174959871588,0.15803921568627446,0.18980392156862744,0.1942215088282503,83.95000000000006,119,347.8738439467206,9,154,0.0325040128410915,0.03176470588235297
cfB_backloaded_0_seed20260521_off1140,2,topk_expected_consequence,clean_service,0.1617174959871588,0.15803921568627446,0.19215686274509802,0.19662921348314594,86.35000000000015,133,373.5868586734423,9,170,0.03491171749598715,0.03411764705882356
cfB_backloaded_1_seed20260522_off1200,2,topk_expected_consequence,served_count,0.14479999999999996,0.14196078431372547,0.1584313725490196,0.16159999999999997,63.049999999999855,121,209.92262699680987,12,148,0.01680000000000001,0.016470588235294126
cfB_backloaded_1_seed20260522_off1200,2,topk_expected_consequence,cost,0.14479999999999996,0.14196078431372547,0.1584313725490196,0.16159999999999997,63.049999999999855,124,218.83559792428287,15,151,0.01680000000000001,0.016470588235294126
cfB_backloaded_1_seed20260522_off1200,2,topk_expected_consequence,backend_fail,0.14479999999999996,0.14196078431372547,0.1584313725490196,0.16159999999999997,63.049999999999855,123,215.48123724797415,14,150,0.01680000000000001,0.016470588235294126
cfB_backloaded_1_seed20260522_off1200,2,topk_expected_consequence,clean_service,0.14479999999999996,0.14196078431372547,0.1584313725490196,0.16159999999999997,63.049999999999855,132,231.58902291098866,23,159,0.01680000000000001,0.016470588235294126
cfC_interleaved_0_seed20260611_off1260,2,topk_expected_consequence,served_count,0.14016172506738528,0.13756613756613756,0.1814814814814815,0.18490566037735826,56.59999999999993,97,230.2245566333222,0,121,0.044743935309972976,0.043915343915343935
cfC_interleaved_0_seed20260611_off1260,2,topk_expected_consequence,cost,0.14016172506738528,0.13756613756613756,0.1814814814814815,0.18490566037735826,54.19999999999994,91,220.81197228609926,0,115,0.044743935309972976,0.043915343915343935
cfC_interleaved_0_seed20260611_off1260,2,topk_expected_consequence,backend_fail,0.14016172506738528,0.13756613756613756,0.1814814814814815,0.18490566037735826,58.59999999999992,102,237.65729785300573,0,126,0.044743935309972976,0.043915343915343935
cfC_interleaved_0_seed20260611_off1260,2,topk_expected_consequence,clean_service,0.14016172506738528,0.13756613756613756,0.1814814814814815,0.18490566037735826,60.599999999999916,109,260.6620705144269,2,133,0.044743935309972976,0.043915343915343935
cfC_interleaved_1_seed20260612_off1320,2,topk_expected_consequence,served_count,0.11662125340599436,0.1132275132275132,0.19365079365079357,0.19945504087193425,57.84999999999994,114,321.55622436586873,25,141,0.08283378746593989,0.08042328042328037
cfC_interleaved_1_seed20260612_off1320,2,topk_expected_consequence,cost,0.11662125340599436,0.1132275132275132,0.18941798941798935,0.1950953678474111,55.849999999999945,110,313.5095641547823,25,136,0.07847411444141675,0.07619047619047614
cfC_interleaved_1_seed20260612_off1320,2,topk_expected_consequence,backend_fail,0.11662125340599436,0.1132275132275132,0.202116402116402,0.2081743869209805,59.04999999999993,121,370.48520214476684,32,151,0.09155313351498615,0.0888888888888888
cfC_interleaved_1_seed20260612_off1320,2,topk_expected_consequence,clean_service,0.11662125340599436,0.1132275132275132,0.202116402116402,0.2081743869209805,59.04999999999993,120,375.4090396015572,31,150,0.09155313351498615,0.0888888888888888
cfD_tailheavy_0_seed20260621_off1380,2,topk_expected_consequence,served_count,0.07740152038700755,0.07542087542087542,0.07542087542087542,0.07740152038700755,55.90000000000005,115,226.26857086054224,24,125,0.0,0.0
cfD_tailheavy_0_seed20260621_off1380,2,topk_expected_consequence,cost,0.07740152038700755,0.07542087542087542,0.0835016835016835,0.08569454042847265,57.10000000000005,115,224.4866837602858,24,126,0.008293020041465093,0.008080808080808077
cfD_tailheavy_0_seed20260621_off1380,2,topk_expected_consequence,backend_fail,0.07740152038700755,0.07542087542087542,0.0835016835016835,0.08569454042847265,57.10000000000005,115,224.4866837602858,24,126,0.008293020041465093,0.008080808080808077
cfD_tailheavy_0_seed20260621_off1380,2,topk_expected_consequence,clean_service,0.07740152038700755,0.07542087542087542,0.0835016835016835,0.08569454042847265,57.10000000000005,115,224.4866837602858,24,126,0.008293020041465093,0.008080808080808077
cfD_tailheavy_1_seed20260622_off1440,2,topk_expected_consequence,served_count,0.13670539986329452,0.13468013468013462,0.175084175084175,0.17771701982228286,53.90000000000004,91,199.75268294867692,12,114,0.04101161995898833,0.04040404040404039
cfD_tailheavy_1_seed20260622_off1440,2,topk_expected_consequence,cost,0.13670539986329452,0.13468013468013462,0.09427609427609425,0.09569377990430616,34.699999999999996,85,178.10939127667098,12,98,-0.04101161995898836,-0.04040404040404037
cfD_tailheavy_1_seed20260622_off1440,2,topk_expected_consequence,backend_fail,0.13670539986329452,0.13468013468013462,0.19124579124579116,0.1941216678058782,56.30000000000005,91,200.7645332168163,12,116,0.05741626794258367,0.05656565656565654
cfD_tailheavy_1_seed20260622_off1440,2,topk_expected_consequence,clean_service,0.13670539986329452,0.13468013468013462,0.19124579124579116,0.1941216678058782,56.30000000000005,91,200.7645332168163,12,116,0.05741626794258367,0.05656565656565654
cfA_frontloaded_0_seed20260511_off1020,2,winner_replay,served_count,0.1470137825421133,0.1391304347826087,0.13671497584541062,0.14446145992853496,58.95000000000002,140,257.64853763260726,7,167,-0.0025523226135783506,-0.0024154589371980784
cfA_frontloaded_0_seed20260511_off1020,2,winner_replay,cost,0.1470137825421133,0.1391304347826087,0.13671497584541062,0.14446145992853496,56.70000000000002,137,247.94362962394916,7,164,-0.0025523226135783506,-0.0024154589371980784
cfA_frontloaded_0_seed20260511_off1020,2,winner_replay,backend_fail,0.1470137825421133,0.1391304347826087,0.15120772946859903,0.1597753956100051,61.95000000000002,142,269.39494018486766,7,171,0.01276161306789178,0.012077294685990336
cfA_frontloaded_0_seed20260511_off1020,2,winner_replay,clean_service,0.1470137825421133,0.1391304347826087,0.18743961352657004,0.1980602348136804,80.70000000000002,167,314.80429381440626,12,201,0.051046452271567094,0.048309178743961345
cfA_frontloaded_1_seed20260512_off1080,2,winner_replay,served_count,0.1430020283975659,0.13623188405797101,0.14347826086956522,0.15060851926977686,68.85000000000001,150,347.65508371068427,12,179,0.007606490872210964,0.007246376811594207
cfA_frontloaded_1_seed20260512_off1080,2,winner_replay,cost,0.1430020283975659,0.13623188405797101,0.14347826086956522,0.15060851926977686,69.60000000000001,151,347.41199797334775,12,180,0.007606490872210964,0.007246376811594207
cfA_frontloaded_1_seed20260512_off1080,2,winner_replay,backend_fail,0.1430020283975659,0.13623188405797101,0.14347826086956522,0.15060851926977686,70.35000000000001,152,349.709266200196,12,181,0.007606490872210964,0.007246376811594207
cfA_frontloaded_1_seed20260512_off1080,2,winner_replay,clean_service,0.1430020283975659,0.13623188405797101,0.17971014492753626,0.18864097363083165,79.35000000000001,160,384.88555565807474,13,194,0.045638945233265754,0.043478260869565244
cfB_backloaded_0_seed20260521_off1140,2,winner_replay,served_count,0.1364365971107543,0.13333333333333328,0.18980392156862744,0.1942215088282503,83.95000000000006,119,347.8738439467206,9,154,0.057784911717496,0.05647058823529416
cfB_backloaded_0_seed20260521_off1140,2,winner_replay,cost,0.1364365971107543,0.13333333333333328,0.1862745098039216,0.19060995184590684,81.84999999999998,108,280.5170029326737,9,140,0.05417335473515256,0.052941176470588325
cfB_backloaded_0_seed20260521_off1140,2,winner_replay,backend_fail,0.1364365971107543,0.13333333333333328,0.19098039215686272,0.1954253611556981,85.0000000000001,125,361.99810324193913,9,161,0.058988764044943826,0.05764705882352944
cfB_backloaded_0_seed20260521_off1140,2,winner_replay,clean_service,0.1364365971107543,0.13333333333333328,0.0,0.0,0.0,7,38.99956339302116,7,7,-0.1364365971107543,-0.13333333333333328
cfB_backloaded_1_seed20260522_off1200,2,winner_replay,served_count,0.15319999999999998,0.15019607843137253,0.15725490196078432,0.1604,62.149999999999864,111,199.60588060802047,7,137,0.007200000000000012,0.007058823529411784
cfB_backloaded_1_seed20260522_off1200,2,winner_replay,cost,0.15319999999999998,0.15019607843137253,0.15372549019607848,0.15680000000000002,56.599999999999916,77,186.81537469802515,7,100,0.0036000000000000476,0.0035294117647059475
cfB_backloaded_1_seed20260522_off1200,2,winner_replay,backend_fail,0.15319999999999998,0.15019607843137253,0.15725490196078432,0.1604,62.149999999999864,111,199.60588060802047,7,137,0.007200000000000012,0.007058823529411784
cfB_backloaded_1_seed20260522_off1200,2,winner_replay,clean_service,0.15319999999999998,0.15019607843137253,0.1584313725490196,0.16159999999999997,63.049999999999855,124,218.83559792428287,15,151,0.00839999999999999,0.008235294117647063
cfC_interleaved_0_seed20260611_off1260,2,winner_replay,served_count,0.12345013477088933,0.12116402116402115,0.1814814814814815,0.18490566037735826,54.59999999999994,92,224.14348513564073,0,116,0.06145552560646893,0.06031746031746034
cfC_interleaved_0_seed20260611_off1260,2,winner_replay,cost,0.12345013477088933,0.12116402116402115,0.1814814814814815,0.18490566037735826,50.59999999999995,82,209.18806142532867,0,106,0.06145552560646893,0.06031746031746034
cfC_interleaved_0_seed20260611_off1260,2,winner_replay,backend_fail,0.12345013477088933,0.12116402116402115,0.1814814814814815,0.18490566037735826,57.39999999999993,99,233.5654994630895,0,123,0.06145552560646893,0.06031746031746034
cfC_interleaved_0_seed20260611_off1260,2,winner_replay,clean_service,0.12345013477088933,0.12116402116402115,0.1814814814814815,0.18490566037735826,60.599999999999916,108,249.1539949005637,1,132,0.06145552560646893,0.06031746031746034
cfC_interleaved_1_seed20260612_off1320,2,winner_replay,served_count,0.12697547683923685,0.12328042328042327,0.18941798941798935,0.1950953678474111,56.24999999999994,111,319.0667535717339,25,137,0.06811989100817425,0.06613756613756608
cfC_interleaved_1_seed20260612_off1320,2,winner_replay,cost,0.12697547683923685,0.12328042328042327,0.18095238095238092,0.18637602179836482,53.84999999999995,107,291.7459348727398,25,131,0.05940054495912797,0.05767195767195765
cfC_interleaved_1_seed20260612_off1320,2,winner_replay,backend_fail,0.12697547683923685,0.12328042328042327,0.202116402116402,0.2081743869209805,59.04999999999993,117,349.5241208380439,27,146,0.08119891008174365,0.07883597883597873
cfC_interleaved_1_seed20260612_off1320,2,winner_replay,clean_service,0.12697547683923685,0.12328042328042327,0.164021164021164,0.16893732970027223,49.44999999999997,96,271.28119336241525,21,116,0.041961852861035376,0.040740740740740744
cfD_tailheavy_0_seed20260621_off1380,2,winner_replay,served_count,0.06081548030407737,0.05925925925925926,0.026936026936026935,0.027643400138216985,45.10000000000002,112,195.20762421589552,24,116,-0.03317208016586039,-0.03232323232323232
cfD_tailheavy_0_seed20260621_off1380,2,winner_replay,cost,0.06081548030407737,0.05925925925925926,0.026936026936026935,0.027643400138216985,46.300000000000026,113,194.87071092668793,24,117,-0.03317208016586039,-0.03232323232323232
cfD_tailheavy_0_seed20260621_off1380,2,winner_replay,backend_fail,0.06081548030407737,0.05925925925925926,0.010774410774410775,0.011057360055286795,37.900000000000006,108,177.56613366631336,24,110,-0.049758120248790574,-0.048484848484848485
cfD_tailheavy_0_seed20260621_off1380,2,winner_replay,clean_service,0.06081548030407737,0.05925925925925926,0.0026936026936026937,0.0027643400138216987,18.700000000000003,83,132.52937512201333,14,84,-0.058051140290255675,-0.05656565656565657
cfD_tailheavy_1_seed20260622_off1440,2,winner_replay,served_count,0.12030075187969917,0.11851851851851848,0.1427609427609427,0.14490772385509218,43.100000000000016,86,191.09797075755796,12,105,0.024606971975393008,0.024242424242424218
cfD_tailheavy_1_seed20260622_off1440,2,winner_replay,cost,0.12030075187969917,0.11851851851851848,0.15892255892255885,0.16131237183868752,46.700000000000024,87,193.92905649205568,12,108,0.041011619958988346,0.04040404040404037
cfD_tailheavy_1_seed20260622_off1440,2,winner_replay,backend_fail,0.12030075187969917,0.11851851851851848,0.15892255892255885,0.16131237183868752,49.10000000000003,89,197.3603014752207,12,110,0.041011619958988346,0.04040404040404037
cfD_tailheavy_1_seed20260622_off1440,2,winner_replay,clean_service,0.12030075187969917,0.11851851851851848,0.0,0.0,0.0,9,26.005102374394482,9,9,-0.12030075187969917,-0.11851851851851848
