B,family,point,pattern,delta_R_weighted_nonfail,delta_R_count,delta_R_count_nonfail,delta_clean_starts,delta_clean_ratio,delta_starts,delta_attack_starts,delta_busy_steps,delta_utilization,delta_failures,delta_attack_failures,delta_clean_failures,delta_cost_per_step,delta_D95,delta_expired,delta_horizon,delta_final_active_Tminus1,delta_unfinished_T,delta_idle_with_waiting,delta_competition_steps,delta_no_eligible_with_free_waiting,delta_expiry_with_free_slot
1,A,ALL_ACCEPT,cfA,0.031572545169083255,0.15315626077957922,0.13360929055996307,55.5,0.9254399506020377,90.5,35.0,97.5,0.18055555555555552,12.0,4.5,7.5,5.141400085413299,1.0,-90.5,0.0,0.0,0.0,-137.0,-150.5,-137.0,-92.0
1,A,ALL_ACCEPT,cfB,-0.011871347993112291,0.028157971669280135,0.025619900603290224,47.5,0.9068877551020409,53.0,5.5,62.5,0.1157407407407407,6.5,0.5,6.0,3.27953376084154,2.5,-48.0,-5.0,0.5,0.0,-102.0,-66.0,-102.0,-47.0
1,A,ALL_ACCEPT,cfC,0.07170590804038202,0.14672359825802928,0.13520685900925422,37.0,0.9238709677419354,62.5,25.5,63.0,0.1166666666666667,7.0,2.0,5.0,4.024696011594239,0.5750000000000028,-59.5,-3.0,0.5,0.0,-101.0,-64.0,-101.0,-54.5
1,A,ALL_ACCEPT,cfD,-0.036661005061643936,0.03247702589807855,0.011695906432748426,31.5,0.8994953742640874,37.0,5.5,46.0,0.0851851851851852,7.0,3.5,3.5,1.7948483823785786,1.5,-37.0,0.0,0.0,0.0,-104.5,-70.5,-104.5,-32.5
1,A,Q10,cfA,0.028602468319666396,0.14429305124372382,0.12474608102410789,31.5,0.5160543377585675,64.5,33.0,71.5,0.13240740740740736,11.5,4.5,7.0,3.4546322016405,1.0,-90.5,0.0,0.0,0.0,-137.0,-157.0,-137.0,-92.0
1,A,Q10,cfB,-0.012469911440837755,0.025619900603290224,0.023081829537300314,29.5,0.5586734693877551,34.5,5.0,44.0,0.08148148148148149,5.5,0.5,5.0,1.9613733937550268,2.5,-48.0,-6.0,0.0,0.0,-102.0,-80.0,-102.0,-47.0
1,A,Q10,cfC,0.07010846395092518,0.14104178007621115,0.129525040827436,22.0,0.5380645161290323,46.5,24.5,47.0,0.08703703703703708,6.5,2.0,4.5,2.9316477058198878,0.5750000000000028,-60.0,-3.0,0.5,0.0,-101.0,-76.5,-101.0,-55.0
1,A,Q10,cfD,-0.036661005061643936,0.03247702589807855,0.011695906432748426,15.5,0.4386038687973086,21.0,5.5,30.5,0.05648148148148152,6.0,3.5,2.5,0.8958898502286843,1.5,-37.0,0.0,0.0,0.0,-104.5,-74.5,-104.5,-32.5
1,A,Q25,cfA,0.008629640251401116,0.08074623433367834,0.06557816871718214,11.5,0.17489966038900895,30.0,18.5,37.0,0.06851851851851848,8.0,3.5,4.5,1.6704865904513344,1.0,-90.5,0.0,0.0,0.0,-137.0,-158.5,-137.0,-92.0
1,A,Q25,cfB,-0.016677177346715144,0.007534483216838916,0.004996412150849117,5.5,0.10586734693877552,7.0,1.5,16.0,0.029629629629629617,2.5,0.5,2.0,0.32351027072192373,2.5,-48.0,-6.0,0.0,0.0,-102.0,-84.0,-102.0,-47.0
1,A,Q25,cfC,0.06370703686635115,0.11532049537289057,0.10664466521502458,3.5,0.08225806451612902,23.5,20.0,24.0,0.04444444444444451,3.5,1.5,2.0,1.6172943631001555,0.5750000000000028,-60.0,-3.0,0.0,0.0,-101.0,-81.5,-101.0,-55.0
1,A,Q25,cfD,-0.04008613526447591,0.0030284043441938246,-0.017752715121136298,2.5,0.0761143818334735,3.0,0.5,12.5,0.023148148148148195,4.5,3.5,1.0,-0.09011891066839084,1.5,-37.0,0.0,0.0,0.0,-104.5,-78.0,-104.5,-32.5
1,A,Q50,cfA,-0.07735810078404881,-0.17729293626154619,-0.17729293626154619,-1.0,-0.02439024390243902,-41.5,-40.5,-34.0,-0.062962962962963,-2.0,0.0,-2.0,-2.9114665919611227,1.0,-97.5,0.0,0.0,0.0,-137.0,-159.5,-137.0,-97.0
1,A,Q50,cfB,-0.11033599746460587,-0.2728625720891913,-0.2677864299572116,-2.0,-0.03571428571428571,-55.0,-53.0,-46.0,-0.0851851851851852,-1.0,-1.0,0.0,-4.556992034387294,2.5,-50.0,-6.0,0.0,0.0,-102.0,-103.0,-102.0,-48.0
1,A,Q50,cfC,-0.07133265327609861,-0.1786540555253131,-0.16967201959716927,-2.5,-0.056129032258064517,-33.0,-30.5,-31.0,-0.05740740740740735,-2.5,-1.5,-1.0,-2.431839506909898,0.5750000000000028,-65.0,-3.0,0.0,0.0,-101.0,-118.0,-101.0,-59.5
1,A,Q50,cfD,-0.08907591902496459,-0.18582915622389307,-0.18290517961570596,-3.0,-0.08830950378469303,-34.5,-31.5,-25.5,-0.04722222222222222,-2.0,-0.5,-1.5,-2.7164832659075735,1.5,-37.5,0.0,0.0,0.0,-104.5,-104.5,-104.5,-32.5
1,A,Q60,cfA,-0.08561904854491631,-0.20356636388026528,-0.19491395500364117,-3.0,-0.05557270762581043,-49.5,-46.5,-40.5,-0.07500000000000001,-4.0,-2.0,-2.0,-3.393016429533139,1.0,-106.0,0.0,0.0,0.0,-137.0,-164.0,-137.0,-100.0
1,A,Q60,cfB,-0.1451262949628288,-0.34202833071996175,-0.326720174342892,-3.0,-0.05612244897959184,-69.5,-66.5,-62.0,-0.11481481481481487,-3.0,-3.0,0.0,-5.538242841854897,2.5,-52.0,-6.0,0.0,0.0,-102.0,-124.5,-102.0,-49.5
1,A,Q60,cfC,-0.11479374761591654,-0.2579613500272183,-0.23999727817093086,-2.5,-0.056129032258064517,-46.5,-44.0,-45.0,-0.08333333333333331,-4.0,-3.0,-1.0,-3.726602147016786,0.5750000000000028,-68.5,-3.0,0.0,0.0,-101.0,-127.0,-101.0,-62.5
1,A,Q60,cfD,-0.11511366869188766,-0.24483082706766912,-0.2389828738512949,-3.0,-0.08830950378469303,-44.5,-41.5,-37.5,-0.06944444444444442,-2.5,-1.0,-1.5,-3.46017719522432,1.5,-37.5,0.0,0.0,0.0,-104.5,-122.0,-104.5,-32.5
1,A,Q70,cfA,-0.14558152308642036,-0.2578283699359933,-0.24917596105936918,-4.0,-0.0682309354739117,-63.0,-59.0,-65.0,-0.1203703703703704,-4.0,-2.0,-2.0,-4.340240204577375,1.0,-126.0,0.0,0.0,0.0,-137.0,-202.5,-137.0,-112.0
1,A,Q70,cfB,-0.20286553429325882,-0.4378504797087198,-0.4200042522656603,-3.5,-0.0663265306122449,-88.5,-85.0,-89.0,-0.16481481481481486,-3.5,-3.5,0.0,-6.8139899930413925,2.5,-53.0,-6.0,0.0,0.0,-102.0,-141.5,-102.0,-50.5
1,A,Q70,cfC,-0.1869816505368832,-0.34740745781164944,-0.329443385955362,-2.5,-0.056129032258064517,-62.0,-59.5,-68.5,-0.12685185185185183,-4.0,-3.0,-1.0,-4.938025092095989,0.5750000000000028,-70.0,-3.0,0.0,0.0,-101.0,-152.0,-101.0,-62.5
1,A,Q70,cfD,-0.13978249296524448,-0.29798454469507096,-0.29213659147869675,-3.0,-0.08830950378469303,-53.5,-50.5,-50.5,-0.0935185185185185,-2.5,-1.0,-1.5,-4.247981853920639,1.5,-37.5,0.0,0.0,0.0,-104.5,-129.0,-104.5,-32.5
1,A,Q80,cfA,-0.29128335123731935,-0.38471120309685336,-0.37605879422022925,-4.5,-0.07456004939796233,-92.5,-88.0,-122.5,-0.22685185185185186,-4.0,-2.0,-2.0,-6.035106020582165,-2.7250000000000014,-139.5,0.0,0.0,0.0,-137.0,-277.0,-137.0,-120.0
1,A,Q80,cfB,-0.21580553937431213,-0.4711643234911101,-0.45331809604805057,-4.0,-0.07525510204081633,-95.5,-91.5,-102.5,-0.18981481481481483,-3.5,-3.5,0.0,-7.532597182282225,2.5,-59.0,-6.0,0.0,0.0,-102.0,-144.0,-102.0,-54.5
1,A,Q80,cfC,-0.27970460661105434,-0.45903647250952645,-0.441072400653239,-3.0,-0.06612903225806452,-81.5,-78.5,-108.5,-0.2009259259259259,-4.0,-3.0,-1.0,-6.1041994575871525,0.5750000000000028,-72.5,-3.0,0.0,0.0,-101.0,-181.0,-101.0,-64.5
1,A,Q80,cfD,-0.15758697323835347,-0.33615288220551376,-0.33030492898913955,-3.5,-0.10050462573591254,-60.5,-57.0,-61.5,-0.11388888888888887,-2.5,-1.0,-1.5,-4.94713404160712,1.5,-39.0,0.0,0.0,0.0,-104.5,-129.0,-104.5,-34.0
1,A,Q90,cfA,-0.4827749882125341,-0.5257847533632287,-0.5171323444866046,-4.5,-0.07456004939796233,-124.5,-120.0,-182.0,-0.337037037037037,-4.0,-2.0,-2.0,-8.102650667028275,-7.0,-141.5,0.0,0.0,0.0,-137.0,-312.5,-137.0,-121.5
1,A,Q90,cfB,-0.19964865672867438,-0.4662476413213915,-0.448401413878332,-4.0,-0.07525510204081633,-94.5,-90.5,-108.0,-0.2,-3.5,-3.5,0.0,-7.336581274559005,0.5,-80.0,-6.0,0.0,0.0,-102.0,-159.5,-102.0,-71.0
1,A,Q90,cfC,-0.39264416264069374,-0.5501667120304845,-0.532202640174197,-3.0,-0.06612903225806452,-97.0,-94.0,-131.0,-0.24259259259259255,-4.0,-3.0,-1.0,-6.924278091206087,-3.924999999999997,-80.0,-3.0,0.0,0.0,-101.0,-204.5,-101.0,-69.5
1,A,Q90,cfD,-0.10826904172405727,-0.3067564745196324,-0.3009085213032582,-3.5,-0.10050462573591254,-55.5,-52.0,-65.0,-0.12037037037037035,-2.5,-1.0,-1.5,-4.663134874474527,1.5,-58.0,0.0,0.0,0.0,-104.5,-133.0,-104.5,-50.5
1,A,NONE_ACCEPT,cfA,-0.6390142032888245,-0.6238358054501553,-0.6151833965735312,-4.5,-0.07456004939796233,-147.0,-142.5,-214.0,-0.3962962962962963,-4.0,-2.0,-2.0,-9.537257878298323,,-141.5,0.0,0.0,0.0,-137.0,-320.5,-137.0,-121.5
1,A,NONE_ACCEPT,cfB,-0.7378106050302424,-0.7959842666170569,-0.7781380391739974,-4.0,-0.07525510204081633,-158.5,-154.5,-205.0,-0.37962962962962965,-3.5,-3.5,0.0,-10.752689799607563,,-82.0,-6.0,0.0,0.0,-102.0,-242.0,-102.0,-73.0
1,A,NONE_ACCEPT,cfC,-0.7468978861266601,-0.7362717746325531,-0.7183077027762657,-3.0,-0.06612903225806452,-129.0,-126.0,-179.5,-0.3324074074074074,-4.0,-3.0,-1.0,-8.191458013352293,,-80.0,-3.0,0.0,0.0,-101.0,-235.0,-101.0,-69.5
1,A,NONE_ACCEPT,cfD,-0.757773440030646,-0.7726608187134503,-0.7668128654970761,-3.5,-0.10050462573591254,-134.5,-131.0,-180.0,-0.3333333333333333,-2.5,-1.0,-1.5,-8.805270331670336,,-70.0,0.0,0.0,0.0,-104.5,-243.0,-104.5,-62.5
1,B,ALL_ACCEPT,cfA,0.04866740875043141,0.154871411597869,0.1420508987773561,54.5,0.9010497066995986,90.0,35.5,91.5,0.16944444444444434,10.5,3.0,7.5,4.963068749787681,-3.0,-90.0,0.0,0.0,0.0,-137.0,-160.0,-137.0,-91.0
1,B,ALL_ACCEPT,cfB,-0.0015947257129512726,0.012849815292210298,0.01284981529221041,47.5,0.9068877551020409,50.0,2.5,51.5,0.09537037037037033,6.0,0.0,6.0,3.0967851039368526,-1.5500000000000114,-44.5,-5.5,0.5,0.0,-102.0,-78.5,-102.0,-47.0
1,B,ALL_ACCEPT,cfC,0.00790954893564122,0.06518780620577025,0.06534090909090906,36.0,0.9038709677419354,47.5,11.5,48.5,0.08981481481481485,4.5,0.0,4.5,2.8683184442031227,-2.424999999999997,-44.5,-3.0,0.5,0.0,-101.0,-84.5,-101.0,-47.0
1,B,ALL_ACCEPT,cfD,-0.0037645448323065933,0.02365288220551376,0.017700501253132828,31.0,0.8873002523128679,35.0,4.0,35.5,0.06574074074074077,4.5,1.0,3.5,1.5517316845785416,-3.0,-35.0,0.0,0.0,0.0,-104.5,-81.5,-104.5,-37.0
1,B,Q10,cfA,0.046442858739980664,0.14825035452838142,0.13542984170786854,34.5,0.5657610373572091,68.5,34.0,70.0,0.1296296296296296,10.0,3.0,7.0,3.533822334286562,-3.200000000000003,-91.0,0.0,0.0,0.0,-137.0,-163.5,-137.0,-92.0
1,B,Q10,cfB,-0.002193289160676626,0.01031174422622061,0.01031174422622061,33.5,0.6364795918367347,35.5,2.0,37.0,0.06851851851851853,5.0,0.0,5.0,2.1854850979844933,-1.75,-45.0,-6.0,0.0,0.0,-102.0,-92.5,-102.0,-47.5
1,B,Q10,cfC,0.006312104846184385,0.05950598802395213,0.05965909090909083,22.5,0.5480645161290323,33.0,10.5,34.0,0.062962962962963,4.5,0.0,4.5,1.8981880301262848,-2.125,-46.0,-3.0,0.5,0.0,-101.0,-91.5,-101.0,-48.5
1,B,Q10,cfD,-0.0037645448323065933,0.02365288220551376,0.017700501253132828,15.5,0.4386038687973086,19.5,4.0,20.0,0.037037037037037035,3.5,1.0,2.5,0.7186473045692701,-3.0,-35.5,0.0,0.0,0.0,-104.5,-85.5,-104.5,-37.0
1,B,Q25,cfA,0.024978976993783042,0.08021923268560027,0.07177762446820735,9.5,0.13785118863846862,28.0,18.5,29.5,0.05462962962962964,4.5,2.0,2.5,1.3975933961792641,-2.325000000000003,-91.0,0.0,0.0,0.0,-137.0,-164.0,-137.0,-92.0
1,B,Q25,cfB,-0.008200575852680192,-0.015467616339330803,-0.015467616339330803,4.5,0.08801020408163267,1.5,-3.0,2.5,0.004629629629629595,2.0,0.0,2.0,-0.0218370053188206,-1.0,-45.0,-6.0,0.0,0.0,-102.0,-96.5,-102.0,-47.5
1,B,Q25,cfC,-0.0016867663278464784,0.028102885138813205,0.031096897114861077,2.5,0.06225806451612903,7.5,5.0,8.5,0.015740740740740722,1.5,-0.5,2.0,0.42982767652368636,-1.875,-46.0,-3.0,0.0,0.0,-101.0,-98.5,-101.0,-48.5
1,B,Q25,cfD,-0.00821777743977159,-0.01764828738512947,-0.020624477861320045,0.5,0.01724137931034482,-2.5,-3.0,-2.0,-0.003703703703703709,1.0,0.5,0.5,-0.5287772604518466,-2.875,-35.5,0.0,0.0,0.0,-104.5,-89.0,-104.5,-37.0
1,B,Q50,cfA,-0.06159801581707802,-0.17140968149936764,-0.16916752903299992,-1.5,-0.030719357826489657,-40.5,-39.0,-39.5,-0.07314814814814813,-2.5,-0.5,-2.0,-2.9791339890479787,-1.0,-104.0,0.0,0.0,0.0,-137.0,-168.5,-137.0,-99.0
1,B,Q50,cfB,-0.07344655784317011,-0.24970101257076038,-0.23946899832567037,-2.0,-0.036989795918367346,-50.5,-48.5,-50.5,-0.09351851851851856,-2.0,-2.0,0.0,-4.018964181783856,-0.20000000000000284,-51.5,-6.0,0.0,0.0,-102.0,-119.5,-102.0,-51.0
1,B,Q50,cfC,-0.082712824256986,-0.19108941208492114,-0.17611935220468156,-2.0,-0.046129032258064515,-34.5,-32.5,-34.0,-0.06296296296296294,-3.5,-2.5,-1.0,-2.525498551325547,-1.4249999999999972,-57.5,-3.0,0.0,0.0,-101.0,-120.5,-101.0,-56.5
1,B,Q50,cfD,-0.03562586085971897,-0.13267543859649122,-0.13267543859649122,-3.0,-0.08830950378469303,-25.5,-22.5,-26.5,-0.04907407407407405,-1.5,0.0,-1.5,-2.0558203856874346,-2.5,-42.5,0.0,0.0,0.0,-104.5,-114.0,-104.5,-42.0
1,B,Q60,cfA,-0.08080125603348132,-0.19747230845885555,-0.19523015599248789,-2.0,-0.03704847175054029,-47.0,-45.0,-47.0,-0.08703703703703708,-2.5,-0.5,-2.0,-3.3128664072056164,-1.0,-112.5,0.0,0.0,0.0,-137.0,-178.5,-137.0,-102.5
1,B,Q60,cfB,-0.1156263552682566,-0.3264012544183698,-0.3085550269753103,-2.5,-0.04591836734693878,-66.0,-63.5,-66.5,-0.12314814814814817,-3.5,-3.5,0.0,-5.035274340529961,-0.8000000000000114,-54.0,-6.0,0.0,0.0,-102.0,-128.0,-102.0,-53.0
1,B,Q60,cfC,-0.14461831356161892,-0.28145413718018514,-0.2634900653238977,-2.5,-0.056129032258064517,-50.5,-48.0,-52.5,-0.09722222222222218,-4.0,-3.0,-1.0,-3.8240208725773828,-1.4249999999999972,-63.5,-3.0,0.0,0.0,-101.0,-134.5,-101.0,-60.0
1,B,Q60,cfD,-0.0712601718761885,-0.21532999164578115,-0.20948203842940694,-3.0,-0.08830950378469303,-39.5,-36.5,-43.5,-0.08055555555555555,-2.5,-1.0,-1.5,-3.172781859799721,-2.200000000000003,-43.0,0.0,0.0,0.0,-104.5,-127.0,-104.5,-42.5
1,B,Q70,cfA,-0.13643894578737836,-0.25397646698095133,-0.24532405810432723,-4.0,-0.0682309354739117,-62.0,-58.0,-70.5,-0.1305555555555556,-4.0,-2.0,-2.0,-3.9904930583725733,-1.25,-130.5,0.0,0.0,0.0,-137.0,-218.0,-137.0,-114.5
1,B,Q70,cfB,-0.14283051865234053,-0.37002684242698064,-0.3521806149839211,-3.5,-0.0663265306122449,-75.5,-72.0,-80.0,-0.1481481481481482,-3.5,-3.5,0.0,-5.716711034695907,-0.5,-58.5,-6.0,0.0,0.0,-102.0,-138.5,-102.0,-57.0
1,B,Q70,cfC,-0.20547049086669367,-0.3573081110506261,-0.33934403919433864,-2.5,-0.056129032258064517,-63.5,-61.0,-77.5,-0.1435185185185185,-4.0,-3.0,-1.0,-4.584061326666521,-1.5,-69.5,-3.0,0.0,0.0,-101.0,-168.5,-101.0,-62.5
1,B,Q70,cfD,-0.08906746886821415,-0.2535505430242273,-0.2477025898078531,-3.0,-0.08830950378469303,-46.0,-43.0,-53.0,-0.09814814814814812,-2.5,-1.0,-1.5,-3.7943868358463213,-2.375,-43.0,0.0,0.0,0.0,-104.5,-131.5,-104.5,-42.5
1,B,Q80,cfA,-0.30994570474463734,-0.3900387106665134,-0.3813863017898893,-4.5,-0.07456004939796233,-93.5,-89.0,-125.5,-0.23240740740740742,-4.0,-2.0,-2.0,-5.953433539604086,-5.925000000000001,-140.0,0.0,0.0,0.0,-137.0,-283.5,-137.0,-120.0
1,B,Q80,cfB,-0.17752811259408297,-0.42190448348260556,-0.40405825603954604,-3.5,-0.0663265306122449,-85.5,-82.0,-94.0,-0.1740740740740741,-3.5,-3.5,0.0,-6.387465138916662,-0.7999999999999972,-61.0,-6.0,0.0,0.0,-102.0,-145.5,-102.0,-59.0
1,B,Q80,cfC,-0.28502942024257716,-0.4472135274904736,-0.42924945563418615,-2.5,-0.056129032258064517,-79.0,-76.5,-99.0,-0.1833333333333333,-4.0,-3.0,-1.0,-5.654561752079061,-1.6749999999999972,-70.5,-3.0,0.0,0.0,-101.0,-184.0,-101.0,-62.5
1,B,Q80,cfD,-0.09865839677992694,-0.2741750208855472,-0.26832706766917297,-3.0,-0.08830950378469303,-49.5,-46.5,-57.5,-0.10648148148148145,-2.5,-1.0,-1.5,-3.990479836639258,-2.200000000000003,-43.0,0.0,0.0,0.0,-104.5,-132.5,-104.5,-42.5
1,B,Q90,cfA,-0.5011925999018116,-0.5365739143766051,-0.5279215054999808,-4.5,-0.07456004939796233,-127.0,-122.5,-187.0,-0.3462962962962963,-4.0,-2.0,-2.0,-8.26954283696561,-7.950000000000001,-141.5,0.0,0.0,0.0,-137.0,-317.0,-137.0,-121.5
1,B,Q90,cfB,-0.2064323758028963,-0.4687857123873814,-0.4509394849443219,-4.0,-0.07525510204081633,-95.0,-91.0,-109.5,-0.20277777777777778,-3.5,-3.5,0.0,-7.229152539229987,0.0,-68.0,-6.0,0.0,0.0,-102.0,-151.0,-102.0,-63.0
1,B,Q90,cfC,-0.35671763643864085,-0.5262146162221013,-0.5082505443658138,-3.0,-0.06612903225806452,-93.0,-90.0,-122.5,-0.2268518518518518,-4.0,-3.0,-1.0,-6.622563904210181,-1.9249999999999972,-74.0,-3.0,0.0,0.0,-101.0,-191.0,-101.0,-64.5
1,B,Q90,cfD,-0.11647414392870314,-0.3065998329156224,-0.30075187969924816,-3.5,-0.10050462573591254,-55.5,-52.0,-65.0,-0.12037037037037035,-2.5,-1.0,-1.5,-4.640982133747861,-1.9500000000000028,-47.0,0.0,0.0,0.0,-104.5,-133.5,-104.5,-45.5
1,B,NONE_ACCEPT,cfA,-0.6390142032888245,-0.6238358054501553,-0.6151833965735312,-4.5,-0.07456004939796233,-147.0,-142.5,-214.0,-0.3962962962962963,-4.0,-2.0,-2.0,-9.537257878298323,,-141.5,0.0,0.0,0.0,-137.0,-320.5,-137.0,-121.5
1,B,NONE_ACCEPT,cfB,-0.7378106050302424,-0.7959842666170569,-0.7781380391739974,-4.0,-0.07525510204081633,-158.5,-154.5,-205.0,-0.37962962962962965,-3.5,-3.5,0.0,-10.752689799607563,,-82.0,-6.0,0.0,0.0,-102.0,-242.0,-102.0,-73.0
1,B,NONE_ACCEPT,cfC,-0.7468978861266601,-0.7362717746325531,-0.7183077027762657,-3.0,-0.06612903225806452,-129.0,-126.0,-179.5,-0.3324074074074074,-4.0,-3.0,-1.0,-8.191458013352293,,-80.0,-3.0,0.0,0.0,-101.0,-235.0,-101.0,-69.5
1,B,NONE_ACCEPT,cfD,-0.757773440030646,-0.7726608187134503,-0.7668128654970761,-3.5,-0.10050462573591254,-134.5,-131.0,-180.0,-0.3333333333333333,-2.5,-1.0,-1.5,-8.805270331670336,,-70.0,0.0,0.0,0.0,-104.5,-243.0,-104.5,-62.5
1,D,FIXED,cfA,0.013098669596115164,0.019336169560384753,0.014957264957264904,0.0,0.0,4.5,4.5,1.5,0.002777777777777768,1.0,1.0,0.0,0.37011494091893127,0.5,-4.5,0.0,0.0,0.0,1.5,8.0,1.5,-1.0
1,D,FIXED,cfB,-0.018231485592135055,0.002617801047120505,0.0,0.0,0.0,0.5,0.5,9.0,0.016666666666666663,0.5,0.5,0.0,0.05900279110370121,2.5,-0.5,0.0,0.0,0.0,-3.0,9.5,-3.0,1.0
1,D,FIXED,cfC,0.03477439877934885,0.04353225367446922,0.03485642351660312,0.5,0.016129032258064516,8.0,7.5,6.0,0.011111111111111127,2.0,1.5,0.5,0.44175014815201763,0.5750000000000028,-8.0,0.0,0.0,0.0,-3.0,4.5,-3.0,-6.0
1,D,FIXED,cfD,-0.042484571422133244,-0.005900167084377572,-0.020728905597326763,0.0,0.0,-1.0,-1.0,7.5,0.013888888888888895,2.5,2.5,0.0,-0.2360856315719264,1.5,1.0,0.0,0.0,0.0,-2.5,5.0,-2.5,4.0
2,A,ALL_ACCEPT,cfA,0.030374112294448308,0.07710513203786751,0.07272622743474766,49.0,0.8196974374807039,66.5,17.5,67.5,0.0625,6.0,1.0,5.0,3.771162818479496,-0.5,-66.5,0.0,0.0,0.0,-167.0,-125.5,-109.5,-65.5
2,A,ALL_ACCEPT,cfB,0.0036043720152021397,0.015467616339330803,0.015467616339330803,46.0,0.8775510204081632,49.0,3.0,49.5,0.04583333333333328,5.0,0.0,5.0,3.0061577640548585,-0.5,-43.5,-5.5,0.5,0.0,-122.5,-63.5,-98.5,-43.5
2,A,ALL_ACCEPT,cfC,0.010395037308216226,0.039925830157866105,0.037084921066957044,35.0,0.8716129032258064,42.0,7.0,42.0,0.03888888888888889,4.5,0.5,4.0,2.555552331297214,-0.5,-39.0,-3.0,0.5,0.0,-120.0,-61.0,-99.0,-39.0
2,A,ALL_ACCEPT,cfD,0.0023970277981989474,0.020572263993316575,0.020572263993316686,29.0,0.8233809924306139,32.5,3.5,32.5,0.030092592592592587,2.5,0.0,2.5,1.7401708645935745,0.0,-32.5,0.0,0.0,0.0,-113.0,-54.0,-94.0,-32.5
2,A,Q10,cfA,0.02740403544503145,0.06824192250201222,0.06386301789889226,25.0,0.4103118246372337,40.5,15.5,41.5,0.03842592592592592,5.5,1.0,4.5,2.084394934706694,-0.5,-66.5,0.0,0.0,0.0,-167.0,-126.0,-109.5,-65.5
2,A,Q10,cfB,0.0030058085674766755,0.012929545273340892,0.012929545273340892,27.0,0.5114795918367346,29.5,2.5,30.0,0.02777777777777779,4.0,0.0,4.0,1.6758682869744614,-0.5,-43.5,-5.5,0.0,0.0,-122.5,-63.5,-98.5,-43.5
2,A,Q10,cfC,0.008797593218759281,0.03424401197604798,0.03140310288513881,19.5,0.47580645161290325,25.5,6.0,25.5,0.02361111111111111,4.0,0.5,3.5,1.4455411174094657,-0.5,-39.0,-3.0,0.5,0.0,-120.0,-62.0,-99.0,-39.0
2,A,Q10,cfD,0.0023970277981989474,0.020572263993316575,0.020572263993316686,13.0,0.36248948696383515,16.5,3.5,16.5,0.015277777777777779,1.5,0.0,1.5,0.8713144565756927,0.0,-32.5,0.0,0.0,0.0,-113.0,-54.0,-94.0,-32.5
2,A,Q25,cfA,0.00743120737676628,0.00469510559196662,0.0046951055919665086,5.0,0.06915714726767519,6.0,1.0,7.0,0.006481481481481477,2.0,0.0,2.0,0.3002493235175301,0.0,-66.5,0.0,0.0,0.0,-167.0,-126.0,-109.5,-65.5
2,A,Q25,cfB,-0.0012014573384008242,-0.005155872113110194,-0.005155872113110305,3.0,0.05867346938775511,2.0,-1.0,2.0,0.0018518518518518268,1.0,0.0,1.0,0.03800516394135833,0.0,-43.5,-5.5,0.0,0.0,-122.5,-63.5,-98.5,-43.5
2,A,Q25,cfC,0.0023961661341851404,0.008522727272727293,0.008522727272727293,1.0,0.01999999999999999,2.5,1.5,2.5,0.0023148148148147973,1.0,0.0,1.0,0.13118777468973164,-0.5,-39.0,-3.0,0.0,0.0,-120.0,-62.0,-99.0,-39.0
2,A,Q25,cfD,-0.0010281024046328024,-0.008876357560568149,-0.008876357560568038,0.0,0.0,-1.5,-1.5,-1.5,-0.001388888888888884,0.0,0.0,0.0,-0.11469430432138239,0.0,-32.5,0.0,0.0,0.0,-113.0,-54.0,-94.0,-32.5
2,A,Q50,cfA,-0.11432966990234639,-0.28399639722509673,-0.2666915794718485,-7.5,-0.1301327570237728,-72.5,-65.0,-72.0,-0.06666666666666665,-8.5,-4.0,-4.5,-4.614694373079814,0.5,-66.5,0.0,0.0,0.0,-167.0,-129.5,-109.5,-65.5
2,A,Q50,cfB,-0.09967188073382738,-0.2959444016264916,-0.2857123873814017,-4.5,-0.08290816326530612,-62.0,-57.5,-64.0,-0.05925925925925929,-3.0,-2.0,-1.0,-5.073492013402497,0.19999999999999574,-43.5,-5.5,0.0,0.0,-122.5,-63.5,-98.5,-43.5
2,A,Q50,cfC,-0.1562591156149079,-0.3147795318454001,-0.2941276537833424,-5.0,-0.11838709677419355,-59.0,-54.0,-61.5,-0.056944444444444436,-5.5,-3.5,-2.0,-4.130346095130983,0.32499999999999574,-39.0,-3.0,0.0,0.0,-120.0,-66.5,-99.0,-39.0
2,A,Q50,cfD,-0.05138962827760429,-0.2007101086048455,-0.17700501253132828,-5.5,-0.1644238856181665,-39.5,-34.0,-40.0,-0.037037037037037035,-6.5,-4.0,-2.5,-2.8400116332765624,0.0,-32.5,0.0,0.0,0.0,-113.0,-54.0,-94.0,-32.5
2,A,Q60,cfA,-0.17048843856178342,-0.3471216128166801,-0.32116438618680776,-9.5,-0.16131522074714422,-89.0,-79.5,-90.5,-0.08379629629629629,-10.5,-6.0,-4.5,-5.713627570629431,0.5,-66.5,0.0,0.0,0.0,-167.0,-133.0,-109.5,-65.5
2,A,Q60,cfB,-0.14089304639925282,-0.37558136444574375,-0.35511733595556394,-5.5,-0.10331632653061223,-78.5,-73.0,-82.5,-0.0763888888888889,-5.0,-4.0,-1.0,-6.145336023088488,0.5,-43.5,-5.5,0.0,0.0,-122.5,-64.5,-98.5,-43.5
2,A,Q60,cfC,-0.21855123644416352,-0.414738704409363,-0.38510479041916157,-5.0,-0.11838709677419355,-76.0,-71.0,-81.0,-0.07500000000000001,-7.0,-5.0,-2.0,-5.524751134710985,0.5,-39.0,-3.0,0.0,0.0,-120.0,-69.0,-99.0,-39.0
2,A,Q60,cfD,-0.07742737794452803,-0.25971177944862167,-0.23308270676691734,-5.5,-0.1644238856181665,-49.5,-44.0,-52.0,-0.048148148148148134,-7.0,-4.5,-2.5,-3.583705562593309,0.0,-32.5,0.0,0.0,0.0,-113.0,-54.5,-94.0,-32.5
2,A,Q70,cfA,-0.3402353604534165,-0.4891725115940362,-0.46321528496416386,-10.5,-0.17397344859524547,-122.5,-112.0,-152.0,-0.14074074074074072,-10.5,-6.0,-4.5,-7.977532048347548,-0.5,-66.5,0.0,0.0,0.0,-167.0,-154.0,-109.5,-65.5
2,A,Q70,cfB,-0.20701217399783944,-0.47647965556648153,-0.4534775560103118,-6.0,-0.11352040816326531,-98.5,-92.5,-110.5,-0.10231481481481483,-5.5,-4.5,-1.0,-7.4646174431664285,0.5,-43.5,-5.5,0.0,0.0,-122.5,-64.5,-98.5,-43.5
2,A,Q70,cfC,-0.2987651955682362,-0.5128606423516603,-0.48322672836145886,-5.0,-0.11838709677419355,-93.0,-88.0,-107.0,-0.09907407407407408,-7.0,-5.0,-2.0,-6.815742980776314,0.5,-39.0,-3.0,0.0,0.0,-120.0,-69.5,-99.0,-39.0
2,A,Q70,cfD,-0.10209620221788462,-0.3128654970760234,-0.28623642439431907,-5.5,-0.1644238856181665,-58.5,-53.0,-65.0,-0.060185185185185175,-7.0,-4.5,-2.5,-4.371510221289628,0.0,-32.5,0.0,0.0,0.0,-113.0,-54.5,-94.0,-32.5
2,A,Q80,cfA,-0.5858013289456416,-0.6752232570618221,-0.6492660304319497,-11.0,-0.1803025625192961,-165.5,-154.5,-239.0,-0.2212962962962963,-10.5,-6.0,-4.5,-10.701940091619953,-2.0,-66.5,0.0,0.0,0.0,-167.0,-179.5,-109.5,-65.5
2,A,Q80,cfB,-0.2705346396943158,-0.5410476519520557,-0.518045552395886,-6.5,-0.12244897959183673,-111.5,-105.0,-134.5,-0.12453703703703706,-5.5,-4.5,-1.0,-8.499308280222445,-0.10000000000000142,-43.5,-5.5,0.0,0.0,-122.5,-69.0,-98.5,-43.5
2,A,Q80,cfC,-0.41671672164083695,-0.6391535111594991,-0.6095195971692977,-5.5,-0.12838709677419355,-115.0,-109.5,-151.5,-0.14027777777777778,-7.0,-5.0,-2.0,-8.080897883081448,0.5,-39.0,-3.0,0.0,0.0,-120.0,-71.5,-99.0,-39.0
2,A,Q80,cfD,-0.13224636150333924,-0.3599624060150377,-0.33333333333333337,-6.0,-0.17661900756938603,-67.0,-61.0,-78.5,-0.07268518518518519,-7.0,-4.5,-2.5,-5.176316300015724,0.0,-32.5,0.0,0.0,0.0,-113.0,-55.0,-94.0,-32.5
2,A,Q90,cfA,-0.7919628925712232,-0.8248438158752059,-0.7988865892453336,-11.0,-0.1803025625192961,-199.5,-188.5,-301.5,-0.2791666666666667,-10.5,-6.0,-4.5,-12.932312032366042,-2.0,-66.5,0.0,0.0,0.0,-167.0,-180.5,-109.5,-65.5
2,A,Q90,cfB,-0.4310829250955266,-0.6446434741010445,-0.6216413745448748,-6.5,-0.12244897959183673,-131.5,-125.0,-174.5,-0.1615740740740741,-5.5,-4.5,-1.0,-9.50619464938598,-0.5,-43.5,-5.5,0.0,0.0,-122.5,-72.0,-98.5,-43.5
2,A,Q90,cfC,-0.6140929779775375,-0.7739691072400653,-0.7443351932498639,-5.5,-0.12838709677419355,-138.0,-132.5,-189.0,-0.175,-7.0,-5.0,-2.0,-9.29034712127428,0.0,-39.0,-3.0,0.0,0.0,-120.0,-76.0,-99.0,-39.0
2,A,Q90,cfD,-0.23912112736357916,-0.4425125313283209,-0.4158834586466166,-6.0,-0.17661900756938603,-81.0,-75.0,-111.0,-0.10277777777777777,-7.0,-4.5,-2.5,-5.869000838177747,-0.5,-32.5,0.0,0.0,0.0,-113.0,-62.5,-94.0,-32.5
2,A,NONE_ACCEPT,cfA,-0.9482021076475136,-0.9228948679621325,-0.8969376413322602,-11.0,-0.1803025625192961,-222.0,-211.0,-333.5,-0.3087962962962963,-10.5,-6.0,-4.5,-14.36691924363609,,-66.5,0.0,0.0,0.0,-167.0,-180.5,-109.5,-65.5
2,A,NONE_ACCEPT,cfB,-0.9860046499334074,-0.9845323836606692,-0.9615302841044995,-6.5,-0.12244897959183673,-197.5,-191.0,-275.0,-0.25462962962962965,-5.5,-4.5,-1.0,-13.0770724597619,,-43.5,-5.5,0.0,0.0,-122.5,-73.0,-98.5,-43.5
2,A,NONE_ACCEPT,cfC,-0.9683467014635039,-0.9600741698421339,-0.9304402558519325,-5.5,-0.12838709677419355,-170.0,-164.5,-237.5,-0.2199074074074074,-7.0,-5.0,-2.0,-10.557527043420485,,-39.0,-3.0,0.0,0.0,-120.0,-78.0,-99.0,-39.0
2,A,NONE_ACCEPT,cfD,-0.98732335651493,-0.9794277360066834,-0.9527986633249791,-6.0,-0.17661900756938603,-172.0,-166.0,-244.5,-0.2263888888888889,-7.0,-4.5,-2.5,-10.658918301328704,,-32.5,0.0,0.0,0.0,-113.0,-62.5,-94.0,-32.5
2,B,ALL_ACCEPT,cfA,0.02297899643702561,0.07272622743474766,0.0683473228316277,49.0,0.8196974374807039,65.5,16.5,65.5,0.06064814814814817,6.0,1.0,5.0,3.6300700837444637,-0.5,-65.5,0.0,0.0,0.0,-167.0,-125.5,-109.5,-64.5
2,B,ALL_ACCEPT,cfB,0.0036043720152021397,0.015467616339330803,0.015467616339330803,46.0,0.8775510204081632,49.0,3.0,49.5,0.04583333333333328,5.0,0.0,5.0,3.0061577640548585,-0.5,-43.5,-5.5,0.5,0.0,-122.5,-63.5,-98.5,-43.5
2,B,ALL_ACCEPT,cfC,0.010395037308216226,0.039925830157866105,0.037084921066957044,35.0,0.8716129032258064,42.0,7.0,42.0,0.03888888888888889,4.5,0.5,4.0,2.555552331297214,-0.5,-39.0,-3.0,0.5,0.0,-120.0,-62.0,-99.0,-39.0
2,B,ALL_ACCEPT,cfD,0.0023970277981989474,0.020572263993316575,0.020572263993316686,29.0,0.8233809924306139,32.5,3.5,32.5,0.030092592592592587,2.5,0.0,2.5,1.7401708645935745,0.0,-32.5,0.0,0.0,0.0,-113.0,-54.0,-94.0,-32.5
2,B,Q10,cfA,0.02075444642657498,0.06610517036526009,0.06172626576214013,28.0,0.4600185242358753,43.0,15.0,43.0,0.0398148148148148,5.5,1.0,4.5,2.1760908175173768,-0.5,-65.5,0.0,0.0,0.0,-167.0,-126.5,-109.5,-64.5
2,B,Q10,cfB,0.0030058085674766755,0.012929545273340892,0.012929545273340892,31.0,0.5892857142857143,33.5,2.5,34.0,0.031481481481481444,4.0,0.0,4.0,2.0744506238322415,-0.5,-43.5,-5.5,0.0,0.0,-122.5,-63.5,-98.5,-43.5
2,B,Q10,cfC,0.008797593218759281,0.03424401197604798,0.03140310288513881,20.0,0.48580645161290326,26.0,6.0,26.0,0.02407407407407408,4.0,0.5,3.5,1.5021187029428873,-0.5,-39.0,-3.0,0.5,0.0,-120.0,-63.5,-99.0,-39.0
2,B,Q10,cfD,0.0023970277981989474,0.020572263993316575,0.020572263993316686,13.0,0.36248948696383515,16.5,3.5,16.5,0.015277777777777779,1.5,0.0,1.5,0.8713144565756927,0.0,-32.5,0.0,0.0,0.0,-113.0,-54.0,-94.0,-32.5
2,B,Q25,cfA,-0.0007094353196226422,-0.0019259514775209485,-0.0019259514775209485,3.0,0.032108675517134866,2.5,-0.5,2.5,0.002314814814814825,0.0,0.0,0.0,0.03986187941008268,-0.5,-65.5,0.0,0.0,0.0,-167.0,-126.5,-109.5,-64.5
2,B,Q25,cfB,-0.0030014781245270017,-0.012849815292210298,-0.01284981529221041,2.0,0.04081632653061226,-0.5,-2.5,-0.5,-0.0004629629629629983,1.0,0.0,1.0,-0.13287147947107059,0.0,-43.5,-5.5,0.0,0.0,-122.5,-63.5,-98.5,-43.5
2,B,Q25,cfC,0.0007987220447283061,0.0028409090909090606,0.0028409090909091717,0.0,0.0,0.5,0.5,0.5,0.00046296296296297057,1.0,0.0,1.0,0.03375834934028532,-0.5,-39.0,-3.0,0.0,0.0,-120.0,-63.5,-99.0,-39.0
2,B,Q25,cfD,-0.002056204809265827,-0.020728905597326763,-0.017752715121136187,-2.0,-0.05887300252312867,-5.5,-3.5,-5.5,-0.005092592592592593,-1.0,-0.5,-0.5,-0.3761101084454239,0.0,-32.5,0.0,0.0,0.0,-113.0,-54.0,-94.0,-32.5
2,B,Q50,cfA,-0.1500947858083772,-0.310480625503047,-0.29531255988655103,-8.0,-0.13646187094782342,-79.0,-71.0,-81.5,-0.07546296296296295,-8.0,-3.5,-4.5,-5.4731458578284204,0.0,-65.5,0.0,0.0,0.0,-167.0,-136.5,-109.5,-64.5
2,B,Q50,cfB,-0.08586306048762737,-0.2805565152682914,-0.2651686289100912,-4.5,-0.08418367346938775,-59.0,-54.5,-61.0,-0.05648148148148152,-4.0,-3.0,-1.0,-4.749981531021621,0.125,-43.5,-5.5,0.0,0.0,-122.5,-63.5,-98.5,-43.5
2,B,Q50,cfC,-0.12685613337406787,-0.28322332607512246,-0.26257144801306476,-4.5,-0.10838709677419354,-53.0,-48.5,-54.0,-0.05000000000000002,-5.5,-3.5,-2.0,-3.6144050534577694,-0.5,-39.0,-3.0,0.0,0.0,-120.0,-65.0,-99.0,-39.0
2,B,Q50,cfD,-0.04179588364697484,-0.177109440267335,-0.15632832080200498,-5.5,-0.1644238856181665,-35.5,-30.0,-38.0,-0.03518518518518518,-6.0,-3.5,-2.5,-2.502937302127137,0.0,-32.5,0.0,0.0,0.0,-113.0,-54.5,-94.0,-32.5
2,B,Q60,cfA,-0.2112237333942556,-0.3738166417538614,-0.3542696715342456,-8.5,-0.14279098487187405,-94.0,-85.5,-103.5,-0.09583333333333333,-9.0,-4.5,-4.5,-6.24205804422375,-0.10000000000000142,-65.5,0.0,0.0,0.0,-167.0,-142.5,-109.5,-64.5
2,B,Q60,cfB,-0.1386636702139945,-0.37026603237037237,-0.34726393281420265,-5.0,-0.09311224489795919,-77.0,-72.0,-79.5,-0.07361111111111113,-5.5,-4.5,-1.0,-5.887161618811732,0.5,-43.5,-5.5,0.0,0.0,-122.5,-63.5,-98.5,-43.5
2,B,Q60,cfC,-0.21554103385960066,-0.40859757757212845,-0.378963663581927,-5.0,-0.11838709677419355,-75.0,-70.0,-80.0,-0.07407407407407407,-7.0,-5.0,-2.0,-5.376569472464979,-0.5,-39.0,-3.0,0.0,0.0,-120.0,-69.0,-99.0,-39.0
2,B,Q60,cfD,-0.07879912005701084,-0.26268796992481214,-0.2360588972431078,-5.5,-0.1644238856181665,-50.0,-44.5,-55.5,-0.0513888888888889,-7.0,-4.5,-2.5,-3.693128446602106,0.0,-32.5,0.0,0.0,0.0,-113.0,-54.5,-94.0,-32.5
2,B,Q70,cfA,-0.370352943463911,-0.504656778199379,-0.4786995515695067,-10.5,-0.17397344859524547,-126.0,-115.5,-166.5,-0.15416666666666667,-10.5,-6.0,-4.5,-8.225939996315445,-1.5,-66.5,0.0,0.0,0.0,-167.0,-172.0,-109.5,-65.5
2,B,Q70,cfB,-0.19333936173761757,-0.4372923698408058,-0.41429027028463605,-6.0,-0.11352040816326531,-91.0,-85.0,-103.0,-0.09537037037037038,-5.5,-4.5,-1.0,-6.825064813883053,0.0,-43.5,-5.5,0.0,0.0,-122.5,-67.0,-98.5,-43.5
2,B,Q70,cfC,-0.3145527933264639,-0.519767283614589,-0.4901333696243876,-5.0,-0.11838709677419355,-94.0,-89.0,-116.5,-0.10787037037037037,-7.0,-5.0,-2.0,-6.483172103288526,-0.9250000000000043,-39.0,-3.0,0.0,0.0,-120.0,-72.0,-99.0,-39.0
2,B,Q70,cfD,-0.09660641704903639,-0.3009085213032582,-0.27427944862155385,-5.5,-0.1644238856181665,-56.5,-51.0,-65.0,-0.0601851851851852,-7.0,-4.5,-2.5,-4.314733422648706,0.0,-32.5,0.0,0.0,0.0,-113.0,-54.5,-94.0,-32.5
2,B,Q80,cfA,-0.608071011583312,-0.6825821164386187,-0.6566248898087463,-11.0,-0.1803025625192961,-167.0,-156.0,-241.0,-0.22314814814814815,-10.5,-6.0,-4.5,-10.64276159743151,-2.0,-66.5,0.0,0.0,0.0,-167.0,-180.5,-109.5,-65.5
2,B,Q80,cfB,-0.249047302551048,-0.502019826188641,-0.4790177266324714,-6.0,-0.11352040816326531,-103.5,-97.5,-122.5,-0.11342592592592593,-5.5,-4.5,-1.0,-7.6087411157475255,0.0,-43.5,-5.5,0.0,0.0,-122.5,-68.0,-98.5,-43.5
2,B,Q80,cfC,-0.3995142078455133,-0.6156607240065324,-0.586026810016331,-5.0,-0.11838709677419355,-110.5,-105.5,-139.0,-0.1287037037037037,-7.0,-5.0,-2.0,-7.609849450422802,-0.45000000000000284,-39.0,-3.0,0.0,0.0,-120.0,-72.5,-99.0,-39.0
2,B,Q80,cfD,-0.10619734496074917,-0.3215329991645781,-0.2949039264828738,-5.5,-0.1644238856181665,-60.0,-54.5,-69.5,-0.06435185185185185,-7.0,-4.5,-2.5,-4.510826423441642,0.0,-32.5,0.0,0.0,0.0,-113.0,-54.5,-94.0,-32.5
2,B,Q90,cfA,-0.8103805042605007,-0.8356329768885822,-0.80967575025871,-11.0,-0.1803025625192961,-202.0,-191.0,-306.5,-0.28379629629629627,-10.5,-6.0,-4.5,-13.099204202303376,-2.0,-66.5,0.0,0.0,0.0,-167.0,-180.5,-109.5,-65.5
2,B,Q90,cfB,-0.33682297534149575,-0.5849921598851888,-0.5619900603290191,-6.5,-0.12244897959183673,-120.0,-113.5,-153.5,-0.14212962962962966,-5.5,-4.5,-1.0,-8.865304022555327,-0.5,-43.5,-5.5,0.0,0.0,-122.5,-71.0,-98.5,-43.5
2,B,Q90,cfC,-0.5105029144077204,-0.7148543821448012,-0.6852204681545999,-5.5,-0.12838709677419355,-128.0,-122.5,-170.5,-0.15787037037037038,-7.0,-5.0,-2.0,-8.805793313999613,-0.5,-39.0,-3.0,0.0,0.0,-120.0,-74.5,-99.0,-39.0
2,B,Q90,cfD,-0.15691800249561294,-0.37766290726817053,-0.3510338345864662,-6.0,-0.17661900756938603,-70.0,-64.0,-84.5,-0.07824074074074075,-7.0,-4.5,-2.5,-5.337353797854375,0.0,-32.5,0.0,0.0,0.0,-113.0,-56.0,-94.0,-32.5
2,B,NONE_ACCEPT,cfA,-0.9482021076475136,-0.9228948679621325,-0.8969376413322602,-11.0,-0.1803025625192961,-222.0,-211.0,-333.5,-0.3087962962962963,-10.5,-6.0,-4.5,-14.36691924363609,,-66.5,0.0,0.0,0.0,-167.0,-180.5,-109.5,-65.5
2,B,NONE_ACCEPT,cfB,-0.9860046499334074,-0.9845323836606692,-0.9615302841044995,-6.5,-0.12244897959183673,-197.5,-191.0,-275.0,-0.25462962962962965,-5.5,-4.5,-1.0,-13.0770724597619,,-43.5,-5.5,0.0,0.0,-122.5,-73.0,-98.5,-43.5
2,B,NONE_ACCEPT,cfC,-0.9683467014635039,-0.9600741698421339,-0.9304402558519325,-5.5,-0.12838709677419355,-170.0,-164.5,-237.5,-0.2199074074074074,-7.0,-5.0,-2.0,-10.557527043420485,,-39.0,-3.0,0.0,0.0,-120.0,-78.0,-99.0,-39.0
2,B,NONE_ACCEPT,cfD,-0.98732335651493,-0.9794277360066834,-0.9527986633249791,-6.0,-0.17661900756938603,-172.0,-166.0,-244.5,-0.2263888888888889,-7.0,-4.5,-2.5,-10.658918301328704,,-32.5,0.0,0.0,0.0,-113.0,-62.5,-94.0,-32.5
2,D,FIXED,cfA,0.007395115857422696,0.004378904603119849,0.004378904603119849,0.0,0.0,1.0,1.0,2.0,0.0018518518518518268,0.0,0.0,0.0,0.14109273473503237,0.5,-1.0,0.0,0.0,0.0,-1.0,-2.0,-1.5,0.0
2,D,FIXED,cfB,0.0,0.0,0.0,0.0,0.0,0.0,0.0,0.0,0.0,0.0,0.0,0.0,0.0,0.0,0.0,0.0,0.0,0.0,0.0,0.0,0.0,0.0
2,D,FIXED,cfC,0.0,0.0,0.0,0.0,0.0,0.0,0.0,0.0,0.0,0.0,0.0,0.0,0.0,0.5,0.0,0.0,0.0,0.0,0.0,1.0,0.0,0.0
2,D,FIXED,cfD,0.0,0.0,0.0,0.0,0.0,0.0,0.0,0.0,0.0,0.0,0.0,0.0,0.0,0.0,0.0,0.0,0.0,0.0,0.0,0.0,0.0,0.0
