tag,B,family,point,delta_R_weighted_nonfail,delta_R_count,delta_R_count_nonfail,delta_clean_starts,delta_clean_ratio,delta_starts,delta_attack_starts,delta_busy_steps,delta_utilization,delta_failures,delta_attack_failures,delta_clean_failures,delta_cost_per_step,delta_D95,delta_expired,delta_horizon,delta_final_active_Tminus1,delta_unfinished_T,delta_idle_with_waiting,delta_competition_steps,delta_no_eligible_with_free_waiting,delta_expiry_with_free_slot
cfA_frontloaded_0_seed20260511_off1020,1,A,ALL_ACCEPT,0.028850855745721216,0.15384615384615385,0.1282051282051282,38,0.926829268292683,74,36,84,0.1555555555555555,8,6,2,4.310367919818621,1.0,-74,0,0,0,-116,-137,-116,-77
cfA_frontloaded_0_seed20260511_off1020,1,A,NONE_ACCEPT,-0.6244498777506112,-0.6153846153846154,-0.6025641025641025,-3,-0.07317073170731707,-147,-144,-214,-0.3962962962962963,-5,-3,-2,-8.765663091043217,,-128,0,0,0,-116,-311,-116,-106
cfA_frontloaded_0_seed20260511_off1020,1,A,Q10,0.027383863080684634,0.14957264957264949,0.12393162393162394,20,0.48780487804878053,55,35,65,0.1203703703703704,8,6,2,2.6085150799149286,1.0,-74,0,0,0,-116,-144,-116,-77
cfA_frontloaded_0_seed20260511_off1020,1,A,Q25,0.008312958435207851,0.08974358974358976,0.06837606837606836,5,0.12195121951219513,26,21,36,0.06666666666666665,7,5,2,1.1319553567192617,1.0,-74,0,0,0,-116,-147,-116,-77
cfA_frontloaded_0_seed20260511_off1020,1,A,Q50,-0.08215158924205379,-0.17521367521367526,-0.1752136752136752,-2,-0.048780487804878044,-43,-41,-32,-0.05925925925925929,-2,0,-2,-2.6653377130483964,1.0,-81,0,0,0,-116,-147,-116,-82
cfA_frontloaded_0_seed20260511_off1020,1,A,Q60,-0.07481662591687033,-0.20085470085470086,-0.18803418803418798,-3,-0.07317073170731707,-50,-47,-40,-0.07407407407407407,-5,-3,-2,-2.7079934272021955,1.0,-93,0,0,0,-116,-149,-116,-85
cfA_frontloaded_0_seed20260511_off1020,1,A,Q70,-0.15696821515892423,-0.27350427350427353,-0.26068376068376065,-3,-0.07317073170731707,-67,-64,-72,-0.13333333333333336,-5,-3,-2,-4.248396368224825,1.0,-111,0,0,0,-116,-203,-116,-94
cfA_frontloaded_0_seed20260511_off1020,1,A,Q80,-0.29926650366748164,-0.4017094017094017,-0.38888888888888884,-3,-0.07317073170731707,-97,-94,-128,-0.23703703703703705,-5,-3,-2,-6.066907307392686,0.5499999999999972,-124,0,0,0,-116,-255,-116,-103
cfA_frontloaded_0_seed20260511_off1020,1,A,Q90,-0.4337408312958435,-0.5,-0.4871794871794871,-3,-0.07317073170731707,-120,-117,-173,-0.3203703703703704,-5,-3,-2,-7.260153830167324,-7.0,-128,0,0,0,-116,-300,-116,-106
cfA_frontloaded_0_seed20260511_off1020,1,B,ALL_ACCEPT,0.06552567237163809,0.17521367521367515,0.1495726495726496,36,0.8780487804878049,77,41,77,0.14259259259259255,8,6,2,4.453197030387212,-2.0,-77,0,0,0,-116,-142,-116,-76
cfA_frontloaded_0_seed20260511_off1020,1,B,NONE_ACCEPT,-0.6244498777506112,-0.6153846153846154,-0.6025641025641025,-3,-0.07317073170731707,-147,-144,-214,-0.3962962962962963,-5,-3,-2,-8.765663091043217,,-128,0,0,0,-116,-311,-116,-106
cfA_frontloaded_0_seed20260511_off1020,1,B,Q10,0.0640586797066015,0.1709401709401709,0.14529914529914534,22,0.5365853658536586,62,40,62,0.11481481481481476,8,6,2,3.0598569725056937,-2.4000000000000057,-79,0,0,0,-116,-149,-116,-78
cfA_frontloaded_0_seed20260511_off1020,1,B,Q25,0.044987775061124724,0.11111111111111105,0.08974358974358976,3,0.07317073170731707,29,26,29,0.0537037037037037,5,5,0,1.390534887155491,-2.0,-79,0,0,0,-116,-150,-116,-78
cfA_frontloaded_0_seed20260511_off1020,1,B,Q50,-0.03422982885085568,-0.14102564102564108,-0.14102564102564097,-2,-0.048780487804878044,-35,-33,-35,-0.06481481481481483,-2,0,-2,-2.3197025022216673,0.0,-92,0,0,0,-116,-156,-116,-84
cfA_frontloaded_0_seed20260511_off1020,1,B,Q60,-0.05623471882640585,-0.17521367521367526,-0.1752136752136752,-2,-0.048780487804878044,-43,-41,-45,-0.08333333333333337,-2,0,-2,-2.6641459591710692,0.0,-100,0,0,0,-116,-169,-116,-88
cfA_frontloaded_0_seed20260511_off1020,1,B,Q70,-0.12029339853300736,-0.24786324786324787,-0.23504273504273498,-3,-0.07317073170731707,-61,-58,-71,-0.13148148148148148,-5,-3,-2,-3.567144865214436,-0.5,-119,0,0,0,-116,-214,-116,-99
cfA_frontloaded_0_seed20260511_off1020,1,B,Q80,-0.26601466992665035,-0.36752136752136755,-0.35470085470085466,-3,-0.07317073170731707,-89,-86,-119,-0.22037037037037038,-5,-3,-2,-5.50102802733384,-5.850000000000001,-126,0,0,0,-116,-268,-116,-104
cfA_frontloaded_0_seed20260511_off1020,1,B,Q90,-0.46063569682151584,-0.5170940170940171,-0.5042735042735043,-3,-0.07317073170731707,-124,-121,-182,-0.337037037037037,-5,-3,-2,-7.573997615162915,-7.100000000000001,-128,0,0,0,-116,-305,-116,-106
cfA_frontloaded_0_seed20260511_off1020,1,D,FIXED,0.03911980440097795,0.03418803418803418,0.02991452991452992,0,0.0,8,8,4,0.007407407407407418,1,1,0,0.32982270962907556,1.0,-8,0,0,0,-3,0,-3,0
cfA_frontloaded_0_seed20260511_off1020,2,A,ALL_ACCEPT,0.02347188264058675,0.05555555555555558,0.05128205128205132,34,0.8292682926829268,47,13,49,0.04537037037037034,2,1,1,3.0569993527881376,0.0,-47,0,0,0,-154,-104,-87,-46
cfA_frontloaded_0_seed20260511_off1020,2,A,NONE_ACCEPT,-0.9525672371638142,-0.9444444444444444,-0.905982905982906,-7,-0.17073170731707318,-228,-221,-336,-0.3111111111111111,-12,-9,-3,-13.678834849523382,,-47,0,0,0,-154,-158,-87,-46
cfA_frontloaded_0_seed20260511_off1020,2,A,Q10,0.022004889975550168,0.05128205128205132,0.04700854700854695,16,0.3902439024390244,28,12,30,0.02777777777777779,2,1,1,1.3551465128844438,0.0,-47,0,0,0,-154,-105,-87,-46
cfA_frontloaded_0_seed20260511_off1020,2,A,Q25,0.0029339853300733854,-0.008547008547008517,-0.008547008547008517,1,0.02439024390243902,-1,-2,1,0.0009259259259259411,1,0,1,-0.1214132103112231,0.0,-47,0,0,0,-154,-105,-87,-46
cfA_frontloaded_0_seed20260511_off1020,2,A,Q50,-0.11931540342298286,-0.30341880341880334,-0.2777777777777778,-6,-0.14634146341463417,-77,-71,-75,-0.06944444444444445,-9,-6,-3,-4.340804200972595,1.0,-47,0,0,0,-154,-106,-87,-46
cfA_frontloaded_0_seed20260511_off1020,2,A,Q60,-0.18044009779951098,-0.3803418803418803,-0.3418803418803419,-7,-0.17073170731707318,-96,-89,-95,-0.08796296296296297,-12,-9,-3,-5.476925236184551,1.0,-47,0,0,0,-154,-109,-87,-46
cfA_frontloaded_0_seed20260511_off1020,2,A,Q70,-0.3603911980440099,-0.5299145299145298,-0.49145299145299143,-7,-0.17073170731707318,-131,-124,-155,-0.14351851851851852,-12,-9,-3,-7.936096619871725,0.0,-47,0,0,0,-154,-123,-87,-46
cfA_frontloaded_0_seed20260511_off1020,2,A,Q80,-0.5980440097799511,-0.7136752136752136,-0.6752136752136753,-7,-0.17073170731707318,-174,-167,-244,-0.22592592592592592,-12,-9,-3,-10.654424477272892,-2.0,-47,0,0,0,-154,-156,-87,-46
cfA_frontloaded_0_seed20260511_off1020,2,A,Q90,-0.7618581907090465,-0.829059829059829,-0.7905982905982906,-7,-0.17073170731707318,-201,-194,-295,-0.27314814814814814,-12,-9,-3,-12.173325588647488,-2.0,-47,0,0,0,-154,-158,-87,-46
cfA_frontloaded_0_seed20260511_off1020,2,B,ALL_ACCEPT,0.016136919315403397,0.05128205128205132,0.04700854700854695,34,0.8292682926829268,46,12,46,0.04259259259259257,2,1,1,2.950237066539488,0.0,-46,0,0,0,-154,-105,-87,-45
cfA_frontloaded_0_seed20260511_off1020,2,B,NONE_ACCEPT,-0.9525672371638142,-0.9444444444444444,-0.905982905982906,-7,-0.17073170731707318,-228,-221,-336,-0.3111111111111111,-12,-9,-3,-13.678834849523382,,-47,0,0,0,-154,-158,-87,-46
cfA_frontloaded_0_seed20260511_off1020,2,B,Q10,0.014669926650366816,0.047008547008547064,0.042735042735042694,18,0.4390243902439024,29,11,29,0.02685185185185185,2,1,1,1.5074313072060352,0.0,-46,0,0,0,-154,-107,-87,-45
cfA_frontloaded_0_seed20260511_off1020,2,B,Q25,-0.004400977995109967,-0.012820512820512775,-0.012820512820512775,-1,-0.024390243902439046,-4,-3,-4,-0.003703703703703709,-1,0,-1,-0.1618907781441692,0.0,-46,0,0,0,-154,-107,-87,-45
cfA_frontloaded_0_seed20260511_off1020,2,B,Q50,-0.15207823960880207,-0.3205128205128205,-0.2991452991452992,-6,-0.14634146341463417,-81,-75,-82,-0.07592592592592592,-8,-5,-3,-4.968751375450978,0.0,-46,0,0,0,-154,-115,-87,-45
cfA_frontloaded_0_seed20260511_off1020,2,B,Q60,-0.2132029339853302,-0.38888888888888884,-0.3632478632478633,-6,-0.14634146341463417,-97,-91,-102,-0.09444444444444444,-9,-6,-3,-5.786658250407085,0.0,-46,0,0,0,-154,-120,-87,-45
cfA_frontloaded_0_seed20260511_off1020,2,B,Q70,-0.3848410757946211,-0.5384615384615384,-0.5,-7,-0.17073170731707318,-133,-126,-169,-0.1564814814814815,-12,-9,-3,-8.040602293276557,-1.0,-47,0,0,0,-154,-148,-87,-46
cfA_frontloaded_0_seed20260511_off1020,2,B,Q80,-0.5794621026894866,-0.688034188034188,-0.6495726495726496,-7,-0.17073170731707318,-168,-161,-236,-0.21851851851851853,-12,-9,-3,-10.174149970612557,-2.0,-47,0,0,0,-154,-158,-87,-46
cfA_frontloaded_0_seed20260511_off1020,2,B,Q90,-0.7887530562347188,-0.8461538461538461,-0.8076923076923077,-7,-0.17073170731707318,-205,-198,-304,-0.2814814814814815,-12,-9,-3,-12.487169373643079,-2.0,-47,0,0,0,-154,-158,-87,-46
cfA_frontloaded_0_seed20260511_off1020,2,D,FIXED,0.007334963325183463,0.004273504273504258,0.004273504273504258,0,0.0,1,1,3,0.002777777777777768,0,0,0,0.10676228624865125,1.0,-1,0,0,0,-2,-1,-3,0
cfA_frontloaded_1_seed20260512_off1080,1,A,ALL_ACCEPT,0.034294234592445294,0.15246636771300448,0.13901345291479816,73,0.9240506329113924,107,34,111,0.20555555555555555,16,3,13,5.97243225100798,1.0,-107,0,0,0,-158,-164,-158,-107
cfA_frontloaded_1_seed20260512_off1080,1,A,NONE_ACCEPT,-0.6535785288270378,-0.6322869955156951,-0.6278026905829597,-6,-0.0759493670886076,-147,-141,-214,-0.3962962962962963,-3,-1,-2,-10.308852665553427,,-155,0,0,0,-158,-330,-158,-137
cfA_frontloaded_1_seed20260512_off1080,1,A,Q10,0.02982107355864816,0.13901345291479816,0.12556053811659185,43,0.5443037974683544,74,31,78,0.14444444444444443,15,3,12,4.300749323366073,1.0,-107,0,0,0,-158,-170,-158,-107
cfA_frontloaded_1_seed20260512_off1080,1,A,Q25,0.008946322067594492,0.0717488789237668,0.06278026905829592,18,0.22784810126582278,34,16,38,0.07037037037037036,9,2,7,2.209017824183409,1.0,-107,0,0,0,-158,-170,-158,-107
cfA_frontloaded_1_seed20260512_off1080,1,A,Q50,-0.07256461232604372,-0.17937219730941711,-0.17937219730941706,0,0.0,-40,-40,-36,-0.06666666666666671,-2,0,-2,-3.1575954708738463,1.0,-114,0,0,0,-158,-172,-158,-112
cfA_frontloaded_1_seed20260512_off1080,1,A,Q60,-0.09642147117296229,-0.20627802690582964,-0.2017937219730942,-3,-0.0379746835443038,-49,-46,-41,-0.07592592592592595,-3,-1,-2,-4.07803943186408,1.0,-119,0,0,0,-158,-179,-158,-115
cfA_frontloaded_1_seed20260512_off1080,1,A,Q70,-0.1341948310139165,-0.24215246636771304,-0.2376681614349776,-5,-0.06329113924050633,-59,-54,-58,-0.10740740740740745,-3,-1,-2,-4.432084040929922,1.0,-141,0,0,0,-158,-202,-158,-130
cfA_frontloaded_1_seed20260512_off1080,1,A,Q80,-0.28330019880715707,-0.367713004484305,-0.36322869955156956,-6,-0.0759493670886076,-88,-82,-117,-0.21666666666666667,-3,-1,-2,-6.003304733771643,-6.0,-155,0,0,0,-158,-299,-158,-137
cfA_frontloaded_1_seed20260512_off1080,1,A,Q90,-0.5318091451292247,-0.5515695067264574,-0.547085201793722,-6,-0.0759493670886076,-129,-123,-191,-0.35370370370370374,-3,-1,-2,-8.945147503889226,-7.0,-155,0,0,0,-158,-325,-158,-137
cfA_frontloaded_1_seed20260512_off1080,1,B,ALL_ACCEPT,0.031809145129224725,0.13452914798206272,0.13452914798206272,73,0.9240506329113924,103,30,106,0.19629629629629625,13,0,13,5.472940469188151,-4.0,-103,0,0,0,-158,-178,-158,-106
cfA_frontloaded_1_seed20260512_off1080,1,B,NONE_ACCEPT,-0.6535785288270378,-0.6322869955156951,-0.6278026905829597,-6,-0.0759493670886076,-147,-141,-214,-0.3962962962962963,-3,-1,-2,-10.308852665553427,,-155,0,0,0,-158,-330,-158,-137
cfA_frontloaded_1_seed20260512_off1080,1,B,Q10,0.02882703777335993,0.12556053811659185,0.12556053811659185,47,0.5949367088607596,75,28,78,0.14444444444444443,12,0,12,4.00778769606743,-4.0,-103,0,0,0,-158,-178,-158,-106
cfA_frontloaded_1_seed20260512_off1080,1,B,Q25,0.00497017892644136,0.049327354260089606,0.053811659192825045,16,0.20253164556962022,27,11,30,0.055555555555555525,4,-1,5,1.4046519052030408,-2.6500000000000057,-103,0,0,0,-158,-178,-158,-106
cfA_frontloaded_1_seed20260512_off1080,1,B,Q50,-0.08896620278330025,-0.2017937219730942,-0.19730941704035876,-1,-0.012658227848101264,-46,-45,-44,-0.08148148148148149,-3,-1,-2,-3.6385654758742882,-2.0,-116,0,0,0,-158,-181,-158,-114
cfA_frontloaded_1_seed20260512_off1080,1,B,Q60,-0.10536779324055667,-0.2197309417040359,-0.21524663677130046,-2,-0.025316455696202535,-51,-49,-49,-0.09074074074074073,-3,-1,-2,-3.961586855240161,-2.0,-125,0,0,0,-158,-188,-158,-117
cfA_frontloaded_1_seed20260512_off1080,1,B,Q70,-0.15258449304174948,-0.26008968609865474,-0.2556053811659193,-5,-0.06329113924050633,-63,-58,-70,-0.12962962962962965,-3,-1,-2,-4.413841251530709,-2.0,-142,0,0,0,-158,-222,-158,-130
cfA_frontloaded_1_seed20260512_off1080,1,B,Q80,-0.3538767395626243,-0.4125560538116593,-0.40807174887892383,-6,-0.0759493670886076,-98,-92,-132,-0.24444444444444446,-3,-1,-2,-6.405839051874331,-6.0,-154,0,0,0,-158,-299,-158,-136
cfA_frontloaded_1_seed20260512_off1080,1,B,Q90,-0.5417495029821073,-0.5560538116591929,-0.5515695067264574,-6,-0.0759493670886076,-130,-124,-192,-0.35555555555555557,-3,-1,-2,-8.965088058768302,-8.8,-155,0,0,0,-158,-329,-158,-137
cfA_frontloaded_1_seed20260512_off1080,1,D,FIXED,-0.012922465208747513,0.004484304932735328,0.0,0,0.0,1,1,-1,-0.0018518518518518823,1,1,0,0.410407172208787,0.0,-1,0,0,0,6,16,6,-2
cfA_frontloaded_1_seed20260512_off1080,2,A,ALL_ACCEPT,0.03727634194830998,0.09865470852017932,0.09417040358744388,64,0.810126582278481,86,22,86,0.07962962962962966,10,1,9,4.485326284170853,-1.0,-86,0,0,0,-180,-147,-132,-85
cfA_frontloaded_1_seed20260512_off1080,2,A,NONE_ACCEPT,-0.9438369781312128,-0.9013452914798207,-0.8878923766816144,-15,-0.189873417721519,-216,-201,-331,-0.30648148148148147,-9,-3,-6,-15.0550036377488,,-86,0,0,0,-180,-203,-132,-85
cfA_frontloaded_1_seed20260512_off1080,2,A,Q10,0.03280318091451284,0.08520179372197301,0.08071748878923768,34,0.430379746835443,53,19,53,0.0490740740740741,9,1,8,2.8136433565289423,-1.0,-86,0,0,0,-180,-147,-132,-85
cfA_frontloaded_1_seed20260512_off1080,2,A,Q25,0.011928429423459286,0.017937219730941645,0.017937219730941645,9,0.11392405063291139,13,4,13,0.012037037037037068,3,0,3,0.7219118573462833,0.0,-86,0,0,0,-180,-147,-132,-85
cfA_frontloaded_1_seed20260512_off1080,2,A,Q50,-0.1093439363817098,-0.26457399103139023,-0.25560538116591924,-9,-0.1139240506329114,-68,-59,-69,-0.06388888888888888,-8,-2,-6,-4.888584545187037,0.0,-86,0,0,0,-180,-153,-132,-85
cfA_frontloaded_1_seed20260512_off1080,2,A,Q60,-0.16053677932405575,-0.31390134529147984,-0.3004484304932735,-12,-0.1518987341772152,-82,-70,-86,-0.0796296296296296,-9,-3,-6,-5.950329905074314,0.0,-86,0,0,0,-180,-157,-132,-85
cfA_frontloaded_1_seed20260512_off1080,2,A,Q70,-0.32007952286282315,-0.4484304932735427,-0.43497757847533636,-14,-0.17721518987341772,-114,-100,-149,-0.13796296296296295,-9,-3,-6,-8.018967476823374,-1.0,-86,0,0,0,-180,-185,-132,-85
cfA_frontloaded_1_seed20260512_off1080,2,A,Q80,-0.5735586481113321,-0.6367713004484306,-0.6233183856502242,-15,-0.189873417721519,-157,-142,-234,-0.21666666666666665,-9,-3,-6,-10.749455705967016,-2.0,-86,0,0,0,-180,-203,-132,-85
cfA_frontloaded_1_seed20260512_off1080,2,A,Q90,-0.8220675944333997,-0.820627802690583,-0.8071748878923767,-15,-0.189873417721519,-198,-183,-308,-0.28518518518518515,-9,-3,-6,-13.691298476084599,-2.0,-86,0,0,0,-180,-203,-132,-85
cfA_frontloaded_1_seed20260512_off1080,2,B,ALL_ACCEPT,0.029821073558647937,0.09417040358744388,0.08968609865470856,64,0.810126582278481,85,21,85,0.07870370370370372,10,1,9,4.309903100949441,-1.0,-85,0,0,0,-180,-146,-132,-84
cfA_frontloaded_1_seed20260512_off1080,2,B,NONE_ACCEPT,-0.9438369781312128,-0.9013452914798207,-0.8878923766816144,-15,-0.189873417721519,-216,-201,-331,-0.30648148148148147,-9,-3,-6,-15.0550036377488,,-86,0,0,0,-180,-203,-132,-85
cfA_frontloaded_1_seed20260512_off1080,2,B,Q10,0.026838966202783365,0.08520179372197301,0.08071748878923768,38,0.4810126582278481,57,19,57,0.05277777777777781,9,1,8,2.84475032782872,-1.0,-85,0,0,0,-180,-146,-132,-84
cfA_frontloaded_1_seed20260512_off1080,2,B,Q25,0.0029821073558647937,0.008968609865470767,0.008968609865470878,7,0.08860759493670883,9,2,9,0.00833333333333336,1,0,1,0.241614536964331,-1.0,-85,0,0,0,-180,-146,-132,-84
cfA_frontloaded_1_seed20260512_off1080,2,B,Q50,-0.14811133200795235,-0.30044843049327363,-0.29147982062780275,-10,-0.12658227848101267,-77,-67,-81,-0.07499999999999998,-8,-2,-6,-5.977540340205866,0.0,-85,0,0,0,-180,-158,-132,-84
cfA_frontloaded_1_seed20260512_off1080,2,B,Q60,-0.2092445328031809,-0.3587443946188341,-0.3452914798206278,-11,-0.13924050632911394,-91,-80,-105,-0.09722222222222221,-9,-3,-6,-6.6974578380404175,-0.20000000000000284,-85,0,0,0,-180,-165,-132,-84
cfA_frontloaded_1_seed20260512_off1080,2,B,Q70,-0.3558648111332009,-0.47085201793721976,-0.45739910313901344,-14,-0.17721518987341772,-119,-105,-164,-0.15185185185185185,-9,-3,-6,-8.411277699354336,-2.0,-86,0,0,0,-180,-196,-132,-85
cfA_frontloaded_1_seed20260512_off1080,2,B,Q80,-0.6366799204771373,-0.6771300448430494,-0.6636771300448431,-15,-0.189873417721519,-166,-151,-246,-0.22777777777777775,-9,-3,-6,-11.111373224250466,-2.0,-86,0,0,0,-180,-203,-132,-85
cfA_frontloaded_1_seed20260512_off1080,2,B,Q90,-0.8320079522862824,-0.8251121076233184,-0.8116591928251121,-15,-0.189873417721519,-199,-184,-309,-0.2861111111111111,-9,-3,-6,-13.711239030963675,-2.0,-86,0,0,0,-180,-203,-132,-85
cfA_frontloaded_1_seed20260512_off1080,2,D,FIXED,0.00745526838966204,0.004484304932735328,0.004484304932735439,0,0.0,1,1,1,0.0009259259259259411,0,0,0,0.1754231832214117,0.0,-1,0,0,0,0,-3,0,0
cfB_backloaded_0_seed20260521_off1140,1,A,ALL_ACCEPT,0.003990422984836317,0.040609137055837574,0.035532994923857864,46,0.9387755102040817,54,8,62,0.11481481481481481,7,1,6,3.7838324257534257,2.0,-53,-1,0,0,-89,-76,-89,-53
cfB_backloaded_0_seed20260521_off1140,1,A,NONE_ACCEPT,-0.7585794094173983,-0.8223350253807107,-0.7918781725888325,-3,-0.061224489795918366,-165,-162,-206,-0.3814814814814815,-6,-6,0,-10.8807767415435,,-80,-1,0,0,-89,-246,-89,-73
cfB_backloaded_0_seed20260521_off1140,1,A,Q10,0.0027932960893853886,0.035532994923857864,0.030456852791878153,25,0.5102040816326531,32,7,40,0.07407407407407407,6,1,5,2.2337838501883276,2.0,-53,-1,0,0,-89,-84,-89,-53
cfB_backloaded_0_seed20260521_off1140,1,A,Q25,-0.0007980845969673966,0.02030456852791873,0.015228426395939021,6,0.12244897959183675,10,4,17,0.0314814814814815,3,1,2,0.648218444189288,2.0,-53,-1,0,0,-89,-85,-89,-53
cfB_backloaded_0_seed20260521_off1140,1,A,Q50,-0.10933758978451724,-0.29441624365482233,-0.284263959390863,0,0.0,-58,-58,-54,-0.09999999999999998,-2,-2,0,-4.955019874854456,2.0,-54,-1,0,0,-89,-120,-89,-54
cfB_backloaded_0_seed20260521_off1140,1,A,Q60,-0.15841979249800486,-0.39086294416243655,-0.3654822335025381,-2,-0.04081632653061225,-79,-77,-76,-0.14074074074074075,-5,-5,0,-6.288023478298017,2.0,-54,-1,0,0,-89,-144,-89,-54
cfB_backloaded_0_seed20260521_off1140,1,A,Q70,-0.19672785315243424,-0.4568527918781726,-0.4263959390862945,-3,-0.061224489795918366,-93,-90,-95,-0.17592592592592593,-6,-6,0,-7.274734877442718,2.0,-56,-1,0,0,-89,-148,-89,-56
cfB_backloaded_0_seed20260521_off1140,1,A,Q80,-0.23064644852354366,-0.5025380710659899,-0.4720812182741117,-3,-0.061224489795918366,-102,-99,-105,-0.19444444444444445,-6,-6,0,-8.005687036633006,2.0,-58,-1,0,0,-89,-148,-89,-58
cfB_backloaded_0_seed20260521_off1140,1,A,Q90,-0.197126895450918,-0.48223350253807107,-0.4517766497461929,-3,-0.061224489795918366,-98,-95,-105,-0.19444444444444445,-6,-6,0,-7.596434569366815,2.0,-76,-1,0,0,-89,-154,-89,-69
cfB_backloaded_0_seed20260521_off1140,1,B,ALL_ACCEPT,-0.0035913806863527853,0.015228426395939021,0.015228426395939021,46,0.9387755102040817,49,3,50,0.09259259259259262,6,0,6,3.5170409670460447,-1.0,-48,-1,0,0,-89,-88,-89,-52
cfB_backloaded_0_seed20260521_off1140,1,B,NONE_ACCEPT,-0.7585794094173983,-0.8223350253807107,-0.7918781725888325,-3,-0.061224489795918366,-165,-162,-206,-0.3814814814814815,-6,-6,0,-10.8807767415435,,-80,-1,0,0,-89,-246,-89,-73
cfB_backloaded_0_seed20260521_off1140,1,B,Q10,-0.004788507581803603,0.010152284263959421,0.01015228426395931,30,0.6122448979591837,32,2,33,0.061111111111111116,5,0,5,2.3742108354449343,-1.0,-48,-1,0,0,-89,-96,-89,-52
cfB_backloaded_0_seed20260521_off1140,1,B,Q25,-0.010774142059058134,-0.015228426395939132,-0.015228426395939132,6,0.12244897959183675,3,-3,3,0.005555555555555536,2,0,2,0.2548669908387957,-1.0,-48,-1,0,0,-89,-97,-89,-52
cfB_backloaded_0_seed20260521_off1140,1,B,Q50,-0.08499600957701525,-0.2690355329949239,-0.25380710659898487,-1,-0.020408163265306124,-54,-53,-56,-0.10370370370370369,-3,-3,0,-4.107950014236442,-1.0,-55,-1,0,0,-89,-142,-89,-57
cfB_backloaded_0_seed20260521_off1140,1,B,Q60,-0.14684756584197944,-0.3857868020304569,-0.35532994923857875,-1,-0.020408163265306124,-77,-76,-79,-0.14629629629629629,-6,-6,0,-5.757871974931377,-1.0,-56,-1,0,0,-89,-148,-89,-57
cfB_backloaded_0_seed20260521_off1140,1,B,Q70,-0.18196328810853957,-0.44162436548223355,-0.4111675126903554,-3,-0.061224489795918366,-90,-87,-96,-0.17777777777777778,-6,-6,0,-6.636745208884335,-1.0,-58,-1,0,0,-89,-150,-89,-59
cfB_backloaded_0_seed20260521_off1140,1,B,Q80,-0.2011173184357543,-0.4720812182741117,-0.44162436548223355,-3,-0.061224489795918366,-96,-93,-104,-0.1925925925925926,-6,-6,0,-7.092836833961776,-1.0,-61,-1,0,0,-89,-152,-89,-61
cfB_backloaded_0_seed20260521_off1140,1,B,Q90,-0.21069433359936174,-0.4873096446700508,-0.4568527918781726,-3,-0.061224489795918366,-99,-96,-108,-0.19999999999999998,-6,-6,0,-7.408608808088825,-1.0,-68,-1,0,0,-89,-153,-89,-64
cfB_backloaded_0_seed20260521_off1140,1,D,FIXED,-0.015562649640861959,0.0,0.0,0,0.0,0,0,8,0.014814814814814836,0,0,0,-0.20240732544772655,2.0,0,0,0,0,0,9,0,-2
cfB_backloaded_0_seed20260521_off1140,2,A,ALL_ACCEPT,0.0035913806863528963,0.015228426395939132,0.015228426395939132,44,0.8979591836734694,47,3,48,0.044444444444444425,4,0,4,3.2951277636937295,0.0,-46,-1,0,0,-105,-62,-85,-46
cfB_backloaded_0_seed20260521_off1140,2,A,NONE_ACCEPT,-0.9800478850758182,-0.9847715736040609,-0.949238578680203,-5,-0.10204081632653061,-199,-194,-265,-0.24537037037037038,-9,-7,-2,-12.933453819982917,,-46,-1,0,0,-105,-70,-85,-46
cfB_backloaded_0_seed20260521_off1140,2,A,Q10,0.002394253790901857,0.010152284263959421,0.010152284263959421,23,0.4693877551020408,25,2,26,0.024074074074074053,3,0,3,1.7450791881286314,0.0,-46,-1,0,0,-105,-62,-85,-46
cfB_backloaded_0_seed20260521_off1140,2,A,Q25,-0.0011971268954510395,-0.0050761421319796,-0.0050761421319796,4,0.0816326530612245,3,-1,3,0.002777777777777768,0,0,0,0.15951378212959177,0.0,-46,-1,0,0,-105,-62,-85,-46
cfB_backloaded_0_seed20260521_off1140,2,A,Q50,-0.11292897047086992,-0.3248730964467005,-0.30964467005076135,-2,-0.04081632653061225,-66,-64,-69,-0.06388888888888888,-5,-3,-2,-5.51030057985524,0.3999999999999915,-46,-1,0,0,-105,-62,-85,-46
cfB_backloaded_0_seed20260521_off1140,2,A,Q60,-0.16201117318435765,-0.42131979695431465,-0.3908629441624365,-4,-0.0816326530612245,-87,-83,-91,-0.08425925925925926,-8,-6,-2,-6.843304183298802,1.0,-46,-1,0,0,-105,-62,-85,-46
cfB_backloaded_0_seed20260521_off1140,2,A,Q70,-0.2170790103750999,-0.4974619289340101,-0.4619289340101522,-5,-0.10204081632653061,-103,-98,-112,-0.10370370370370371,-9,-7,-2,-7.917084120226395,1.0,-46,-1,0,0,-105,-62,-85,-46
cfB_backloaded_0_seed20260521_off1140,2,A,Q80,-0.2677573822825221,-0.5532994923857868,-0.5177664974619289,-5,-0.10204081632653061,-114,-109,-126,-0.11666666666666667,-9,-7,-2,-8.717495110619133,0.7999999999999972,-46,-1,0,0,-105,-64,-85,-46
cfB_backloaded_0_seed20260521_off1140,2,A,Q90,-0.3850758180367122,-0.6243654822335025,-0.5888324873096447,-5,-0.10204081632653061,-128,-123,-157,-0.14537037037037037,-9,-7,-2,-9.339573077151508,0.0,-46,-1,0,0,-105,-69,-85,-46
cfB_backloaded_0_seed20260521_off1140,2,B,ALL_ACCEPT,0.0035913806863528963,0.015228426395939132,0.015228426395939132,44,0.8979591836734694,47,3,48,0.044444444444444425,4,0,4,3.2951277636937295,0.0,-46,-1,0,0,-105,-62,-85,-46
cfB_backloaded_0_seed20260521_off1140,2,B,NONE_ACCEPT,-0.9800478850758182,-0.9847715736040609,-0.949238578680203,-5,-0.10204081632653061,-199,-194,-265,-0.24537037037037038,-9,-7,-2,-12.933453819982917,,-46,-1,0,0,-105,-70,-85,-46
cfB_backloaded_0_seed20260521_off1140,2,B,Q10,0.002394253790901857,0.010152284263959421,0.010152284263959421,28,0.5714285714285714,30,2,31,0.028703703703703703,3,0,3,2.152297632092621,0.0,-46,-1,0,0,-105,-62,-85,-46
cfB_backloaded_0_seed20260521_off1140,2,B,Q25,-0.0035913806863528963,-0.015228426395939021,-0.015228426395939021,4,0.0816326530612245,1,-3,1,0.0009259259259259134,0,0,0,0.032953787486482256,0.0,-46,-1,0,0,-105,-62,-85,-46
cfB_backloaded_0_seed20260521_off1140,2,B,Q50,-0.09696727853152454,-0.30456852791878164,-0.2842639593908629,-3,-0.06122448979591837,-63,-60,-67,-0.06203703703703706,-6,-4,-2,-4.958623625386176,0.25,-46,-1,0,0,-105,-62,-85,-46
cfB_backloaded_0_seed20260521_off1140,2,B,Q60,-0.167198723064645,-0.42639593908629436,-0.3908629441624365,-3,-0.06122448979591837,-87,-84,-91,-0.08425925925925926,-9,-7,-2,-6.668685844839111,1.0,-46,-1,0,0,-105,-62,-85,-46
cfB_backloaded_0_seed20260521_off1140,2,B,Q70,-0.21907422186751802,-0.49238578680203043,-0.45685279187817257,-5,-0.10204081632653061,-102,-97,-110,-0.10185185185185186,-9,-7,-2,-7.782905292173471,1.0,-46,-1,0,0,-105,-63,-85,-46
cfB_backloaded_0_seed20260521_off1140,2,B,Q80,-0.26336791699920203,-0.5380710659898477,-0.5025380710659898,-5,-0.10204081632653061,-111,-106,-124,-0.11481481481481481,-9,-7,-2,-8.362519766701439,1.0,-46,-1,0,0,-105,-63,-85,-46
cfB_backloaded_0_seed20260521_off1140,2,B,Q90,-0.3316041500399045,-0.5888324873096447,-0.5532994923857868,-5,-0.10204081632653061,-121,-116,-144,-0.13333333333333336,-9,-7,-2,-9.09061683261949,0.0,-46,-1,0,0,-105,-68,-85,-46
cfB_backloaded_0_seed20260521_off1140,2,D,FIXED,0.0,0.0,0.0,0,0.0,0,0,0,0.0,0,0,0,0.0,0.0,0,0,0,0,0,0,0,0
cfB_backloaded_1_seed20260522_off1200,1,A,ALL_ACCEPT,-0.02773311897106112,0.015706806282722585,0.015706806282722474,49,0.875,52,3,63,0.1166666666666667,6,0,6,2.775235095929654,3.0,-43,-9,1,0,-115,-56,-115,-41
cfB_backloaded_1_seed20260522_off1200,1,A,NONE_ACCEPT,-0.7170418006430866,-0.7696335078534031,-0.7643979057591623,-5,-0.08928571428571429,-152,-147,-204,-0.37777777777777777,-1,-1,0,-10.624602857671626,,-84,-11,0,0,-115,-238,-115,-73
cfB_backloaded_1_seed20260522_off1200,1,A,Q10,-0.02773311897106112,0.015706806282722585,0.015706806282722474,34,0.6071428571428571,37,3,48,0.0888888888888889,5,0,5,1.688962937321726,3.0,-43,-11,0,0,-115,-76,-115,-41
cfB_backloaded_1_seed20260522_off1200,1,A,Q25,-0.032556270096463,-0.005235602094240788,-0.005235602094240899,5,0.08928571428571429,4,-1,15,0.02777777777777779,2,0,2,-0.0011979027454405156,3.0,-43,-11,0,0,-115,-83,-115,-41
cfB_backloaded_1_seed20260522_off1200,1,A,Q50,-0.11133440514469473,-0.25130890052356014,-0.25130890052356025,-4,-0.07142857142857142,-52,-48,-38,-0.07037037037037036,0,0,0,-4.158964193920132,3.0,-46,-11,0,0,-115,-86,-115,-42
cfB_backloaded_1_seed20260522_off1200,1,A,Q60,-0.13183279742765286,-0.2931937172774869,-0.2879581151832461,-4,-0.07142857142857142,-60,-56,-48,-0.0888888888888889,-1,-1,0,-4.788462205411778,3.0,-50,-11,0,0,-115,-105,-115,-45
cfB_backloaded_1_seed20260522_off1200,1,A,Q70,-0.20900321543408362,-0.418848167539267,-0.4136125654450262,-4,-0.07142857142857142,-84,-80,-83,-0.1537037037037037,-1,-1,0,-6.353245108640067,3.0,-50,-11,0,0,-115,-135,-115,-45
cfB_backloaded_1_seed20260522_off1200,1,A,Q80,-0.2009646302250806,-0.43979057591623033,-0.43455497382198954,-5,-0.08928571428571429,-89,-84,-100,-0.18518518518518517,-1,-1,0,-7.0595073279314455,3.0,-60,-11,0,0,-115,-140,-115,-51
cfB_backloaded_1_seed20260522_off1200,1,A,Q90,-0.20217041800643099,-0.450261780104712,-0.44502617801047123,-5,-0.08928571428571429,-91,-86,-111,-0.20555555555555555,-1,-1,0,-7.076727979751194,-1.0,-84,-11,0,0,-115,-165,-115,-73
cfB_backloaded_1_seed20260522_off1200,1,B,ALL_ACCEPT,0.000401929260450129,0.010471204188481686,0.010471204188481686,49,0.875,51,2,53,0.09814814814814815,6,0,6,2.6765292408276604,-2.1000000000000227,-41,-10,1,0,-115,-69,-115,-42
cfB_backloaded_1_seed20260522_off1200,1,B,NONE_ACCEPT,-0.7170418006430866,-0.7696335078534031,-0.7643979057591623,-5,-0.08928571428571429,-152,-147,-204,-0.37777777777777777,-1,-1,0,-10.624602857671626,,-84,-11,0,0,-115,-238,-115,-73
cfB_backloaded_1_seed20260522_off1200,1,B,Q10,0.000401929260450129,0.010471204188481686,0.010471204188481686,37,0.6607142857142857,39,2,41,0.07592592592592595,5,0,5,1.9967593605240506,-2.5,-42,-11,0,0,-115,-89,-115,-43
cfB_backloaded_1_seed20260522_off1200,1,B,Q25,-0.005627009646302361,-0.015706806282722474,-0.015706806282722585,3,0.05357142857142856,0,-3,2,0.003703703703703709,2,0,2,-0.2985410014764369,-1.0,-42,-11,0,0,-115,-96,-115,-43
cfB_backloaded_1_seed20260522_off1200,1,B,Q50,-0.061897106109325084,-0.23036649214659688,-0.2251308900523561,-3,-0.053571428571428575,-47,-44,-45,-0.08333333333333331,-1,-1,0,-3.9299783493312708,0.5999999999999943,-48,-11,0,0,-115,-97,-115,-45
cfB_backloaded_1_seed20260522_off1200,1,B,Q60,-0.08440514469453386,-0.2670157068062827,-0.26178010471204194,-4,-0.07142857142857142,-55,-51,-54,-0.09999999999999998,-1,-1,0,-4.312676706128546,-0.6000000000000227,-52,-11,0,0,-115,-108,-115,-49
cfB_backloaded_1_seed20260522_off1200,1,B,Q70,-0.10369774919614161,-0.29842931937172773,-0.29319371727748694,-4,-0.07142857142857142,-61,-57,-64,-0.11851851851851852,-1,-1,0,-4.796676860507477,0.0,-59,-11,0,0,-115,-127,-115,-55
cfB_backloaded_1_seed20260522_off1200,1,B,Q80,-0.15393890675241173,-0.3717277486910995,-0.3664921465968587,-4,-0.07142857142857142,-75,-71,-84,-0.15555555555555556,-1,-1,0,-5.6820934438715485,-0.5999999999999943,-61,-11,0,0,-115,-139,-115,-57
cfB_backloaded_1_seed20260522_off1200,1,B,Q90,-0.20217041800643099,-0.450261780104712,-0.44502617801047123,-5,-0.08928571428571429,-91,-86,-111,-0.20555555555555555,-1,-1,0,-7.0496962703711485,1.0,-68,-11,0,0,-115,-149,-115,-62
cfB_backloaded_1_seed20260522_off1200,1,D,FIXED,-0.020900321543408373,0.005235602094240899,0.0,0,0.0,1,1,10,0.018518518518518545,1,1,0,0.32041290765513075,3.0,-1,0,0,0,-6,10,-6,4
cfB_backloaded_1_seed20260522_off1200,2,A,ALL_ACCEPT,0.003617363344051605,0.015706806282722474,0.015706806282722474,48,0.8571428571428572,51,3,51,0.04722222222222222,6,0,6,2.7171877644159856,-1.0,-41,-10,1,0,-140,-65,-112,-41
cfB_backloaded_1_seed20260522_off1200,2,A,NONE_ACCEPT,-0.9919614147909965,-0.9842931937172775,-0.9738219895287958,-8,-0.14285714285714285,-196,-188,-285,-0.2638888888888889,-2,-2,0,-13.220691099540886,,-41,-10,0,0,-140,-76,-112,-41
cfB_backloaded_1_seed20260522_off1200,2,A,Q10,0.003617363344051605,0.015706806282722474,0.015706806282722474,31,0.5535714285714286,34,3,34,0.0314814814814815,5,0,5,1.6066573858202897,-1.0,-41,-10,0,0,-140,-65,-112,-41
cfB_backloaded_1_seed20260522_off1200,2,A,Q25,-0.001205787781350498,-0.005235602094240899,-0.005235602094240899,2,0.035714285714285726,1,-1,1,0.0009259259259259411,2,0,2,-0.08350345424687688,0.0,-41,-10,0,0,-140,-65,-112,-41
cfB_backloaded_1_seed20260522_off1200,2,A,Q50,-0.08641479099678473,-0.2670157068062827,-0.26178010471204194,-7,-0.125,-58,-51,-59,-0.05462962962962964,-1,-1,0,-4.636683446949757,0.0,-41,-10,0,0,-140,-65,-112,-41
cfB_backloaded_1_seed20260522_off1200,2,A,Q60,-0.11977491961414788,-0.32984293193717285,-0.31937172774869116,-7,-0.125,-70,-63,-74,-0.06851851851851853,-2,-2,0,-5.447367862878175,0.0,-41,-10,0,0,-140,-67,-112,-41
cfB_backloaded_1_seed20260522_off1200,2,A,Q70,-0.19694533762057886,-0.45549738219895297,-0.4450261780104713,-7,-0.125,-94,-87,-109,-0.10092592592592592,-2,-2,0,-7.012150766106464,0.0,-41,-10,0,0,-140,-67,-112,-41
cfB_backloaded_1_seed20260522_off1200,2,A,Q80,-0.2733118971061095,-0.5287958115183247,-0.518324607329843,-8,-0.14285714285714285,-109,-101,-143,-0.13240740740740742,-2,-2,0,-8.281121449825758,-1.0,-41,-10,0,0,-140,-74,-112,-41
cfB_backloaded_1_seed20260522_off1200,2,A,Q90,-0.47709003215434087,-0.6649214659685865,-0.6544502617801047,-8,-0.14285714285714285,-135,-127,-192,-0.17777777777777778,-2,-2,0,-9.672816221620455,-1.0,-41,-10,0,0,-140,-75,-112,-41
cfB_backloaded_1_seed20260522_off1200,2,B,ALL_ACCEPT,0.003617363344051605,0.015706806282722474,0.015706806282722474,48,0.8571428571428572,51,3,51,0.04722222222222222,6,0,6,2.7171877644159856,-1.0,-41,-10,1,0,-140,-65,-112,-41
cfB_backloaded_1_seed20260522_off1200,2,B,NONE_ACCEPT,-0.9919614147909965,-0.9842931937172775,-0.9738219895287958,-8,-0.14285714285714285,-196,-188,-285,-0.2638888888888889,-2,-2,0,-13.220691099540886,,-41,-10,0,0,-140,-76,-112,-41
cfB_backloaded_1_seed20260522_off1200,2,B,Q10,0.003617363344051605,0.015706806282722474,0.015706806282722474,34,0.6071428571428572,37,3,37,0.03425925925925927,5,0,5,1.9966036155718623,-1.0,-41,-10,0,0,-140,-65,-112,-41
cfB_backloaded_1_seed20260522_off1200,2,B,Q25,-0.002411575562700996,-0.010471204188481686,-0.010471204188481686,0,0.0,-2,-2,-2,-0.0018518518518518823,2,0,2,-0.2986967464286252,0.0,-41,-10,0,0,-140,-65,-112,-41
cfB_backloaded_1_seed20260522_off1200,2,B,Q50,-0.07475884244372999,-0.25654450261780104,-0.24607329842931935,-6,-0.10714285714285714,-55,-49,-55,-0.05092592592592593,-2,-2,0,-4.5413394366570685,0.0,-41,-10,0,0,-140,-65,-112,-41
cfB_backloaded_1_seed20260522_off1200,2,B,Q60,-0.1101286173633439,-0.31413612565445026,-0.3036649214659686,-7,-0.125,-67,-60,-68,-0.06296296296296297,-2,-2,0,-5.105637392784356,0.0,-41,-10,0,0,-140,-65,-112,-41
cfB_backloaded_1_seed20260522_off1200,2,B,Q70,-0.167604501607717,-0.38219895287958117,-0.3717277486910995,-7,-0.125,-80,-73,-96,-0.0888888888888889,-2,-2,0,-5.8672243355926375,-1.0,-41,-10,0,0,-140,-71,-112,-41
cfB_backloaded_1_seed20260522_off1200,2,B,Q80,-0.23472668810289388,-0.46596858638743455,-0.45549738219895286,-7,-0.125,-96,-89,-121,-0.11203703703703705,-2,-2,0,-6.854962464793615,-1.0,-41,-10,0,0,-140,-73,-112,-41
cfB_backloaded_1_seed20260522_off1200,2,B,Q90,-0.34204180064308687,-0.581151832460733,-0.5706806282722514,-8,-0.14285714285714285,-119,-111,-163,-0.15092592592592594,-2,-2,0,-8.639991212491164,-1.0,-41,-10,0,0,-140,-74,-112,-41
cfB_backloaded_1_seed20260522_off1200,2,D,FIXED,0.0,0.0,0.0,0,0.0,0,0,0,0.0,0,0,0,0.0,0.0,0,0,0,0,0,0,0,0
cfC_interleaved_0_seed20260611_off1260,1,A,ALL_ACCEPT,0.049162614802809146,0.07185628742514971,0.06586826347305386,30,0.967741935483871,42,12,41,0.07592592592592595,4,1,3,3.1430942962557378,1.0,-36,-6,1,0,-73,-55,-73,-29
cfC_interleaved_0_seed20260611_off1260,1,A,NONE_ACCEPT,-0.7536466774716372,-0.7964071856287425,-0.7604790419161677,-1,-0.03225806451612903,-134,-133,-187,-0.34629629629629627,-6,-6,0,-7.84466753951892,,-58,-6,0,0,-73,-203,-73,-47
cfC_interleaved_0_seed20260611_off1260,1,A,Q10,0.049162614802809146,0.07185628742514971,0.06586826347305386,16,0.5161290322580645,28,12,27,0.050000000000000044,4,1,3,2.043145568262265,1.0,-36,-6,1,0,-73,-55,-73,-29
cfC_interleaved_0_seed20260611_off1260,1,A,Q25,0.04754186925985926,0.06586826347305397,0.05988023952095811,2,0.06451612903225806,13,11,12,0.022222222222222254,2,1,1,1.2106786788834203,1.0,-36,-6,0,0,-73,-58,-73,-29
cfC_interleaved_0_seed20260611_off1260,1,A,Q50,-0.07131280388978978,-0.20958083832335328,-0.19161676646706582,-1,-0.03225806451612903,-36,-35,-34,-0.06296296296296294,-3,-3,0,-2.4345034885298764,1.0,-42,-6,0,0,-73,-83,-73,-34
cfC_interleaved_0_seed20260611_off1260,1,A,Q60,-0.11723392760669937,-0.311377245508982,-0.2754491017964072,-1,-0.03225806451612903,-53,-52,-53,-0.09814814814814812,-6,-6,0,-3.8508169108975174,1.0,-47,-6,0,0,-73,-93,-73,-38
cfC_interleaved_0_seed20260611_off1260,1,A,Q70,-0.15937331172339309,-0.36526946107784425,-0.32934131736526945,-1,-0.03225806451612903,-62,-61,-66,-0.1222222222222222,-6,-6,0,-4.605864331551183,1.0,-48,-6,0,0,-73,-102,-73,-38
cfC_interleaved_0_seed20260611_off1260,1,A,Q80,-0.28038897893030823,-0.5089820359281436,-0.47305389221556887,-1,-0.03225806451612903,-86,-85,-114,-0.21111111111111108,-6,-6,0,-5.925471056276643,1.0,-51,-6,0,0,-73,-148,-73,-41
cfC_interleaved_0_seed20260611_off1260,1,A,Q90,-0.4359805510534849,-0.6287425149700598,-0.592814371257485,-1,-0.03225806451612903,-106,-105,-146,-0.27037037037037037,-6,-6,0,-7.012222576863132,-7.0,-58,-6,0,0,-73,-184,-73,-47
cfC_interleaved_0_seed20260611_off1260,1,B,ALL_ACCEPT,-0.01080497028633165,-0.0059880239520957446,0.0,30,0.967741935483871,29,-1,29,0.05370370370370375,2,-1,3,1.9819027736612629,-2.0,-23,-6,1,0,-73,-69,-73,-27
cfC_interleaved_0_seed20260611_off1260,1,B,NONE_ACCEPT,-0.7536466774716372,-0.7964071856287425,-0.7604790419161677,-1,-0.03225806451612903,-134,-133,-187,-0.34629629629629627,-6,-6,0,-7.84466753951892,,-58,-6,0,0,-73,-203,-73,-47
cfC_interleaved_0_seed20260611_off1260,1,B,Q10,-0.01080497028633165,-0.0059880239520957446,0.0,16,0.5161290322580645,15,-1,15,0.02777777777777779,2,-1,3,0.8819540456677899,-1.4000000000000057,-23,-6,1,0,-73,-69,-73,-27
cfC_interleaved_0_seed20260611_off1260,1,B,Q25,-0.012425715829281536,-0.0119760479041916,-0.005988023952095856,2,0.06451612903225806,0,-2,0,0.0,0,-1,1,0.04948715628894451,-1.0,-23,-6,0,0,-73,-72,-73,-27
cfC_interleaved_0_seed20260611_off1260,1,B,Q50,-0.09886547811993551,-0.25149700598802394,-0.22155688622754488,-1,-0.03225806451612903,-43,-42,-43,-0.0796296296296296,-5,-5,0,-2.8411644552120077,-1.0,-33,-6,0,0,-73,-87,-73,-34
cfC_interleaved_0_seed20260611_off1260,1,B,Q60,-0.15505132360886043,-0.34131736526946105,-0.30538922155688625,-1,-0.03225806451612903,-58,-57,-59,-0.10925925925925922,-6,-6,0,-4.235422136547811,-1.0,-39,-6,0,0,-73,-99,-73,-37
cfC_interleaved_0_seed20260611_off1260,1,B,Q70,-0.21285791464073522,-0.41916167664670656,-0.38323353293413176,-1,-0.03225806451612903,-71,-70,-84,-0.15555555555555553,-6,-6,0,-4.9289886989949405,-1.1000000000000014,-47,-6,0,0,-73,-127,-73,-40
cfC_interleaved_0_seed20260611_off1260,1,B,Q80,-0.28038897893030834,-0.4910179640718562,-0.4550898203592814,-1,-0.03225806451612903,-83,-82,-104,-0.19259259259259257,-6,-6,0,-5.525392869651969,-2.5,-49,-6,0,0,-73,-152,-73,-40
cfC_interleaved_0_seed20260611_off1260,1,B,Q90,-0.36412749864937916,-0.5808383233532933,-0.5449101796407185,-1,-0.03225806451612903,-98,-97,-132,-0.2444444444444444,-6,-6,0,-6.6499488997593135,-3.0,-51,-6,0,0,-73,-157,-73,-41
cfC_interleaved_0_seed20260611_off1260,1,D,FIXED,0.022690437601296187,0.03592814371257491,0.029940119760479056,1,0.03225806451612903,7,6,6,0.011111111111111127,2,1,1,0.5127843415756494,1.0,-7,0,0,0,-2,5,-2,-4
cfC_interleaved_0_seed20260611_off1260,2,A,ALL_ACCEPT,0.0016207455429497752,0.005988023952095856,0.0059880239520957446,28,0.9032258064516129,29,1,29,0.02685185185185185,2,0,2,1.9324156173723193,0.0,-23,-6,1,0,-93,-42,-76,-23
cfC_interleaved_0_seed20260611_off1260,2,A,NONE_ACCEPT,-0.9670448406266882,-0.9940119760479041,-0.9461077844311377,-3,-0.0967741935483871,-169,-166,-241,-0.22314814814814815,-9,-8,-1,-9.72546633872261,,-23,-6,0,0,-93,-65,-76,-23
cfC_interleaved_0_seed20260611_off1260,2,A,Q10,0.0016207455429497752,0.005988023952095856,0.0059880239520957446,14,0.4516129032258064,15,1,15,0.013888888888888895,2,0,2,0.8324668893788463,0.0,-23,-6,1,0,-93,-42,-76,-23
cfC_interleaved_0_seed20260611_off1260,2,A,Q25,0.0,0.0,0.0,0,0.0,0,0,0,0.0,0,0,0,0.0,0.0,-23,-6,0,0,-93,-42,-76,-23
cfC_interleaved_0_seed20260611_off1260,2,A,Q50,-0.14478660183684455,-0.31137724550898194,-0.281437125748503,-3,-0.0967741935483871,-55,-52,-57,-0.052777777777777785,-6,-5,-1,-3.8822848802054333,0.0,-23,-6,0,0,-93,-51,-76,-23
cfC_interleaved_0_seed20260611_off1260,2,A,Q60,-0.21772015126958377,-0.44311377245508976,-0.39520958083832336,-3,-0.0967741935483871,-77,-74,-84,-0.07777777777777778,-9,-8,-1,-5.442080106004681,0.0,-23,-6,0,0,-93,-56,-76,-23
cfC_interleaved_0_seed20260611_off1260,2,A,Q70,-0.26526202052944337,-0.5029940119760479,-0.45508982035928147,-3,-0.0967741935483871,-87,-84,-100,-0.09259259259259259,-9,-8,-1,-6.22853306117276,0.0,-23,-6,0,0,-93,-56,-76,-23
cfC_interleaved_0_seed20260611_off1260,2,A,Q80,-0.41437061048082136,-0.6646706586826348,-0.6167664670658684,-3,-0.0967741935483871,-114,-111,-154,-0.1425925925925926,-9,-8,-1,-7.6527121252152055,0.0,-23,-6,0,0,-93,-60,-76,-23
cfC_interleaved_0_seed20260611_off1260,2,A,Q90,-0.6493787142085359,-0.8263473053892215,-0.7784431137724551,-3,-0.0967741935483871,-141,-138,-200,-0.18518518518518517,-9,-8,-1,-8.893021376066823,-1.0,-23,-6,0,0,-93,-65,-76,-23
cfC_interleaved_0_seed20260611_off1260,2,B,ALL_ACCEPT,0.0016207455429497752,0.005988023952095856,0.0059880239520957446,28,0.9032258064516129,29,1,29,0.02685185185185185,2,0,2,1.9324156173723193,0.0,-23,-6,1,0,-93,-44,-76,-23
cfC_interleaved_0_seed20260611_off1260,2,B,NONE_ACCEPT,-0.9670448406266882,-0.9940119760479041,-0.9461077844311377,-3,-0.0967741935483871,-169,-166,-241,-0.22314814814814815,-9,-8,-1,-9.72546633872261,,-23,-6,0,0,-93,-65,-76,-23
cfC_interleaved_0_seed20260611_off1260,2,B,Q10,0.0016207455429497752,0.005988023952095856,0.0059880239520957446,14,0.4516129032258064,15,1,15,0.013888888888888895,2,0,2,0.8324668893788463,0.0,-23,-6,1,0,-93,-44,-76,-23
cfC_interleaved_0_seed20260611_off1260,2,B,Q25,0.0,0.0,0.0,0,0.0,0,0,0,0.0,0,0,0,0.0,0.0,-23,-6,0,0,-93,-44,-76,-23
cfC_interleaved_0_seed20260611_off1260,2,B,Q50,-0.12857914640734747,-0.29940119760479034,-0.2694610778443114,-3,-0.0967741935483871,-53,-50,-54,-0.05000000000000002,-6,-5,-1,-3.43547513684823,0.0,-23,-6,0,0,-93,-47,-76,-23
cfC_interleaved_0_seed20260611_off1260,2,B,Q60,-0.20637493246893535,-0.4251497005988023,-0.3772455089820359,-3,-0.0967741935483871,-74,-71,-78,-0.07222222222222222,-9,-8,-1,-5.342006324593712,0.0,-23,-6,0,0,-93,-54,-76,-23
cfC_interleaved_0_seed20260611_off1260,2,B,Q70,-0.31334413830361973,-0.5508982035928143,-0.5029940119760479,-3,-0.0967741935483871,-95,-92,-118,-0.10925925925925926,-9,-8,-1,-6.413343970648941,-1.0,-23,-6,0,0,-93,-60,-76,-23
cfC_interleaved_0_seed20260611_off1260,2,B,Q80,-0.3916801728795247,-0.6347305389221556,-0.5868263473053892,-3,-0.0967741935483871,-109,-106,-140,-0.12962962962962965,-9,-8,-1,-7.122101984749439,-1.0,-23,-6,0,0,-93,-61,-76,-23
cfC_interleaved_0_seed20260611_off1260,2,B,Q90,-0.49810913019989206,-0.7365269461077844,-0.688622754491018,-3,-0.0967741935483871,-126,-123,-172,-0.15925925925925927,-9,-8,-1,-8.32557181327685,-1.0,-23,-6,0,0,-93,-62,-76,-23
cfC_interleaved_0_seed20260611_off1260,2,D,FIXED,0.0,0.0,0.0,0,0.0,0,0,0,0.0,0,0,0,0.0,0.0,0,0,0,0,0,2,0,0
cfC_interleaved_1_seed20260612_off1320,1,A,ALL_ACCEPT,0.09424920127795477,0.22159090909090906,0.20454545454545459,44,0.88,83,39,85,0.15740740740740738,10,3,7,4.90629772693274,0.15000000000000568,-83,0,0,0,-129,-73,-129,-80
cfC_interleaved_1_seed20260612_off1320,1,A,NONE_ACCEPT,-0.740149094781683,-0.6761363636363636,-0.6761363636363636,-5,-0.1,-124,-119,-172,-0.31851851851851853,-2,0,-2,-8.538248487185665,,-102,0,0,0,-129,-267,-129,-92
cfC_interleaved_1_seed20260612_off1320,1,A,Q10,0.09105431309904122,0.2102272727272727,0.19318181818181812,28,0.56,65,37,67,0.12407407407407406,9,3,6,3.8201498433775107,0.15000000000000568,-84,0,0,0,-129,-98,-129,-81
cfC_interleaved_1_seed20260612_off1320,1,A,Q25,0.07987220447284304,0.1647727272727273,0.15340909090909094,5,0.1,34,29,36,0.06666666666666665,5,2,3,2.0239100473168907,0.15000000000000568,-84,0,0,0,-129,-105,-129,-81
cfC_interleaved_1_seed20260612_off1320,1,A,Q50,-0.07135250266240734,-0.1477272727272727,-0.1477272727272727,-4,-0.08,-30,-26,-28,-0.05185185185185187,-2,0,-2,-2.42917552528992,0.15000000000000568,-88,0,0,0,-129,-153,-129,-85
cfC_interleaved_1_seed20260612_off1320,1,A,Q60,-0.1123535676251336,-0.20454545454545453,-0.20454545454545453,-4,-0.08,-40,-36,-37,-0.06851851851851853,-2,0,-2,-3.6023873831360556,0.15000000000000568,-90,0,0,0,-129,-161,-129,-87
cfC_interleaved_1_seed20260612_off1320,1,A,Q70,-0.21458998935037332,-0.32954545454545453,-0.32954545454545453,-4,-0.08,-62,-58,-71,-0.1314814814814815,-2,0,-2,-5.270185852640797,0.15000000000000568,-92,0,0,0,-129,-202,-129,-87
cfC_interleaved_1_seed20260612_off1320,1,A,Q80,-0.27902023429180045,-0.4090909090909091,-0.4090909090909091,-5,-0.1,-77,-72,-103,-0.19074074074074077,-2,0,-2,-6.282927858897662,0.15000000000000568,-94,0,0,0,-129,-214,-129,-88
cfC_interleaved_1_seed20260612_off1320,1,A,Q90,-0.3493077742279026,-0.47159090909090906,-0.47159090909090906,-5,-0.1,-88,-83,-116,-0.21481481481481485,-2,0,-2,-6.836333605549043,-0.8499999999999943,-102,0,0,0,-129,-225,-129,-92
cfC_interleaved_1_seed20260612_off1320,1,B,ALL_ACCEPT,0.02662406815761409,0.13636363636363635,0.13068181818181812,42,0.84,66,24,68,0.12592592592592589,7,1,6,3.754734114744984,-2.8499999999999943,-66,0,0,0,-129,-100,-129,-67
cfC_interleaved_1_seed20260612_off1320,1,B,NONE_ACCEPT,-0.740149094781683,-0.6761363636363636,-0.6761363636363636,-5,-0.1,-124,-119,-172,-0.31851851851851853,-2,0,-2,-8.538248487185665,,-102,0,0,0,-129,-267,-129,-92
cfC_interleaved_1_seed20260612_off1320,1,B,Q10,0.02342917997870042,0.125,0.11931818181818177,29,0.5800000000000001,51,22,53,0.09814814814814815,7,1,6,2.9144220145847815,-2.8499999999999943,-69,0,0,0,-129,-114,-129,-70
cfC_interleaved_1_seed20260612_off1320,1,B,Q25,0.00905218317358858,0.06818181818181812,0.06818181818181812,3,0.06,15,12,17,0.031481481481481444,3,0,3,0.8101681967584273,-2.75,-69,0,0,0,-129,-125,-129,-70
cfC_interleaved_1_seed20260612_off1320,1,B,Q50,-0.06656017039403661,-0.13068181818181823,-0.13068181818181823,-3,-0.060000000000000005,-26,-23,-25,-0.046296296296296335,-2,0,-2,-2.209832647439086,-1.8499999999999943,-82,0,0,0,-129,-154,-129,-79
cfC_interleaved_1_seed20260612_off1320,1,B,Q60,-0.1341853035143774,-0.22159090909090912,-0.22159090909090912,-4,-0.08,-43,-39,-46,-0.0851851851851852,-2,0,-2,-3.4126196086069545,-1.8499999999999943,-88,0,0,0,-129,-170,-129,-83
cfC_interleaved_1_seed20260612_off1320,1,B,Q70,-0.19808306709265222,-0.29545454545454547,-0.29545454545454547,-4,-0.08,-56,-52,-71,-0.1314814814814815,-2,0,-2,-4.239133954338101,-1.8999999999999986,-92,0,0,0,-129,-210,-129,-85
cfC_interleaved_1_seed20260612_off1320,1,B,Q80,-0.289669861554846,-0.40340909090909094,-0.40340909090909094,-4,-0.08,-75,-71,-94,-0.1740740740740741,-2,0,-2,-5.7837306345061545,-0.8499999999999943,-92,0,0,0,-129,-216,-129,-85
cfC_interleaved_1_seed20260612_off1320,1,B,Q90,-0.3493077742279026,-0.47159090909090906,-0.47159090909090906,-5,-0.1,-88,-83,-113,-0.20925925925925926,-2,0,-2,-6.595178908661048,-0.8499999999999943,-97,0,0,0,-129,-225,-129,-88
cfC_interleaved_1_seed20260612_off1320,1,D,FIXED,0.046858359957401396,0.051136363636363646,0.03977272727272729,0,0.0,9,9,6,0.011111111111111072,2,2,0,0.3707159547283876,0.15000000000000568,-9,0,0,0,-4,4,-4,-8
cfC_interleaved_1_seed20260612_off1320,2,A,ALL_ACCEPT,0.019169329073482677,0.07386363636363635,0.06818181818181812,42,0.84,55,13,55,0.05092592592592593,7,1,6,3.178689045222109,-1.0,-55,0,0,0,-147,-80,-122,-55
cfC_interleaved_1_seed20260612_off1320,2,A,NONE_ACCEPT,-0.9696485623003196,-0.9261363636363636,-0.9147727272727273,-8,-0.16,-171,-163,-234,-0.21666666666666667,-5,-2,-3,-11.38958774811836,,-55,0,0,0,-147,-91,-122,-55
cfC_interleaved_1_seed20260612_off1320,2,A,Q10,0.015974440894568787,0.0625,0.05681818181818177,25,0.5,36,11,36,0.033333333333333326,6,1,5,2.058615345440085,-1.0,-55,0,0,0,-147,-82,-122,-55
cfC_interleaved_1_seed20260612_off1320,2,A,Q25,0.004792332268370392,0.017045454545454586,0.017045454545454475,2,0.04000000000000001,5,3,5,0.0046296296296296224,2,0,2,0.26237554937946506,-1.0,-55,0,0,0,-147,-82,-122,-55
cfC_interleaved_1_seed20260612_off1320,2,A,Q50,-0.16773162939297126,-0.31818181818181823,-0.3068181818181819,-7,-0.14,-63,-56,-66,-0.061111111111111116,-5,-2,-3,-4.378407310056533,0.6499999999999915,-55,0,0,0,-147,-82,-122,-55
cfC_interleaved_1_seed20260612_off1320,2,A,Q60,-0.21938232161874316,-0.38636363636363635,-0.375,-7,-0.14,-75,-68,-78,-0.07222222222222224,-5,-2,-3,-5.607422163417288,1.0,-55,0,0,0,-147,-82,-122,-55
cfC_interleaved_1_seed20260612_off1320,2,A,Q70,-0.3322683706070291,-0.5227272727272727,-0.5113636363636365,-7,-0.14,-99,-92,-114,-0.10555555555555557,-5,-2,-3,-7.402952900379867,1.0,-55,0,0,0,-147,-83,-122,-55
cfC_interleaved_1_seed20260612_off1320,2,A,Q80,-0.41906283280085244,-0.6136363636363636,-0.6022727272727273,-8,-0.16,-116,-108,-149,-0.13796296296296295,-5,-2,-3,-8.509083640947694,1.0,-55,0,0,0,-147,-83,-122,-55
cfC_interleaved_1_seed20260612_off1320,2,A,Q90,-0.5788072417465392,-0.7215909090909091,-0.7102272727272727,-8,-0.16,-135,-127,-178,-0.16481481481481483,-5,-2,-3,-9.687672866481737,1.0,-55,0,0,0,-147,-87,-122,-55
cfC_interleaved_1_seed20260612_off1320,2,B,ALL_ACCEPT,0.019169329073482677,0.07386363636363635,0.06818181818181812,42,0.84,55,13,55,0.05092592592592593,7,1,6,3.178689045222109,-1.0,-55,0,0,0,-147,-80,-122,-55
cfC_interleaved_1_seed20260612_off1320,2,B,NONE_ACCEPT,-0.9696485623003196,-0.9261363636363636,-0.9147727272727273,-8,-0.16,-171,-163,-234,-0.21666666666666667,-5,-2,-3,-11.38958774811836,,-55,0,0,0,-147,-91,-122,-55
cfC_interleaved_1_seed20260612_off1320,2,B,Q10,0.015974440894568787,0.0625,0.05681818181818177,26,0.52,37,11,37,0.03425925925925927,6,1,5,2.1717705165069265,-1.0,-55,0,0,0,-147,-83,-122,-55
cfC_interleaved_1_seed20260612_off1320,2,B,Q25,0.0015974440894567232,0.005681818181818121,0.005681818181818121,0,0.0,1,1,1,0.0009259259259259134,2,0,2,0.06751669868057064,-1.0,-55,0,0,0,-147,-83,-122,-55
cfC_interleaved_1_seed20260612_off1320,2,B,Q50,-0.12513312034078816,-0.2670454545454546,-0.25568181818181823,-6,-0.12,-53,-47,-54,-0.05000000000000002,-5,-2,-3,-3.793334970067309,-1.0,-55,0,0,0,-147,-83,-122,-55
cfC_interleaved_1_seed20260612_off1320,2,B,Q60,-0.2247071352502661,-0.3920454545454546,-0.38068181818181823,-7,-0.14,-76,-69,-82,-0.07592592592592592,-5,-2,-3,-5.411132620336246,-1.0,-55,0,0,0,-147,-84,-122,-55
cfC_interleaved_1_seed20260612_off1320,2,B,Q70,-0.3157614483493081,-0.48863636363636365,-0.4772727272727273,-7,-0.14,-93,-86,-115,-0.10648148148148148,-5,-2,-3,-6.553000235928111,-0.8500000000000085,-55,0,0,0,-147,-84,-122,-55
cfC_interleaved_1_seed20260612_off1320,2,B,Q80,-0.40734824281150184,-0.5965909090909092,-0.5852272727272727,-7,-0.14,-112,-105,-138,-0.12777777777777777,-5,-2,-3,-8.097596916096164,0.09999999999999432,-55,0,0,0,-147,-84,-122,-55
cfC_interleaved_1_seed20260612_off1320,2,B,Q90,-0.5228966986155488,-0.6931818181818182,-0.6818181818181819,-8,-0.16,-130,-122,-169,-0.1564814814814815,-5,-2,-3,-9.286014814722376,0.0,-55,0,0,0,-147,-87,-122,-55
cfC_interleaved_1_seed20260612_off1320,2,D,FIXED,0.0,0.0,0.0,0,0.0,0,0,0,0.0,0,0,0,0.0,1.0,0,0,0,0,0,0,0,0
cfD_tailheavy_0_seed20260621_off1380,1,A,ALL_ACCEPT,-0.03216974674880224,0.0292397660818714,0.023391812865497075,37,0.9024390243902439,42,5,53,0.09814814814814815,5,1,4,2.259664590109285,3.0,-42,0,0,0,-115,-70,-115,-38
cfD_tailheavy_0_seed20260621_off1380,1,A,NONE_ACCEPT,-0.7775496235455169,-0.7953216374269005,-0.783625730994152,-4,-0.0975609756097561,-140,-136,-178,-0.3296296296296296,-4,-2,-2,-9.032711365913574,,-72,0,0,0,-115,-250,-115,-66
cfD_tailheavy_0_seed20260621_off1380,1,A,Q10,-0.03216974674880224,0.0292397660818714,0.023391812865497075,19,0.46341463414634154,24,5,36,0.06666666666666671,4,1,3,1.4550085112846212,3.0,-42,0,0,0,-115,-78,-115,-38
cfD_tailheavy_0_seed20260621_off1380,1,A,Q25,-0.03627652292950034,-0.005847953216374213,-0.011695906432748537,2,0.04878048780487804,1,-1,13,0.02407407407407408,2,1,1,-0.016735889851712926,3.0,-42,0,0,0,-115,-85,-115,-38
cfD_tailheavy_0_seed20260621_off1380,1,A,Q50,-0.08487337440109521,-0.1871345029239766,-0.18128654970760227,-3,-0.07317073170731708,-35,-32,-23,-0.04259259259259257,-3,-1,-2,-2.8081110454488085,3.0,-42,0,0,0,-115,-110,-115,-38
cfD_tailheavy_0_seed20260621_off1380,1,A,Q60,-0.10951403148528416,-0.24561403508771928,-0.23391812865497075,-3,-0.07317073170731708,-45,-42,-34,-0.06296296296296294,-4,-2,-2,-3.540573716165258,3.0,-42,0,0,0,-115,-130,-115,-38
cfD_tailheavy_0_seed20260621_off1380,1,A,Q70,-0.13141683778234092,-0.29239766081871343,-0.2807017543859649,-3,-0.07317073170731708,-53,-50,-43,-0.0796296296296296,-4,-2,-2,-4.273232188780795,3.0,-42,0,0,0,-115,-136,-115,-38
cfD_tailheavy_0_seed20260621_off1380,1,A,Q80,-0.15879534565366182,-0.3508771929824561,-0.3391812865497076,-4,-0.0975609756097561,-64,-60,-62,-0.11481481481481479,-4,-2,-2,-5.378448115678274,3.0,-42,0,0,0,-115,-136,-115,-38
cfD_tailheavy_0_seed20260621_off1380,1,A,Q90,-0.0958247775496236,-0.30994152046783624,-0.2982456140350877,-4,-0.0975609756097561,-57,-53,-63,-0.11666666666666664,-4,-2,-2,-5.133490042413429,3.0,-64,0,0,0,-115,-142,-115,-58
cfD_tailheavy_0_seed20260621_off1380,1,B,ALL_ACCEPT,-0.007529089664613298,0.01754385964912286,0.01754385964912286,36,0.8780487804878049,39,3,41,0.07592592592592595,4,0,4,1.8061340203099707,-4.0,-39,0,0,0,-115,-84,-115,-42
cfD_tailheavy_0_seed20260621_off1380,1,B,NONE_ACCEPT,-0.7775496235455169,-0.7953216374269005,-0.783625730994152,-4,-0.0975609756097561,-140,-136,-178,-0.3296296296296296,-4,-2,-2,-9.032711365913574,,-72,0,0,0,-115,-250,-115,-66
cfD_tailheavy_0_seed20260621_off1380,1,B,Q10,-0.007529089664613298,0.01754385964912286,0.01754385964912286,19,0.46341463414634154,22,3,24,0.04444444444444445,3,0,3,1.133226245766556,-4.0,-40,0,0,0,-115,-92,-115,-42
cfD_tailheavy_0_seed20260621_off1380,1,B,Q25,-0.012320328542094527,-0.023391812865497075,-0.023391812865497075,0,0.0,-4,-4,-2,-0.0037037037037036535,0,0,0,-0.5520573320767621,-3.75,-40,0,0,0,-115,-99,-115,-42
cfD_tailheavy_0_seed20260621_off1380,1,B,Q50,-0.038329911019849505,-0.14035087719298245,-0.14035087719298245,-3,-0.07317073170731708,-27,-24,-25,-0.04629629629629628,-2,0,-2,-2.1925927915075833,-3.0,-46,0,0,0,-115,-118,-115,-46
cfD_tailheavy_0_seed20260621_off1380,1,B,Q60,-0.0684462696783027,-0.21637426900584789,-0.20467836257309935,-3,-0.07317073170731708,-40,-37,-38,-0.07037037037037036,-4,-2,-2,-3.3036647754237825,-2.950000000000003,-47,0,0,0,-115,-131,-115,-47
cfD_tailheavy_0_seed20260621_off1380,1,B,Q70,-0.09308692676249153,-0.26900584795321636,-0.2573099415204678,-3,-0.07317073170731708,-49,-46,-53,-0.09814814814814812,-4,-2,-2,-4.048093184081136,-3.5,-47,0,0,0,-115,-140,-115,-47
cfD_tailheavy_0_seed20260621_off1380,1,B,Q80,-0.10403832991101991,-0.29239766081871343,-0.2807017543859649,-3,-0.07317073170731708,-53,-50,-58,-0.1074074074074074,-4,-2,-2,-4.210514494819784,-3.299999999999997,-47,0,0,0,-115,-140,-115,-47
cfD_tailheavy_0_seed20260621_off1380,1,B,Q90,-0.12046543463381254,-0.32748538011695905,-0.3157894736842105,-4,-0.0975609756097561,-60,-56,-67,-0.12407407407407406,-4,-2,-2,-5.085602340842507,-2.9000000000000057,-49,0,0,0,-115,-140,-115,-48
cfD_tailheavy_0_seed20260621_off1380,1,D,FIXED,-0.038329911019849394,-0.005847953216374213,-0.011695906432748537,0,0.0,-1,-1,9,0.016666666666666663,1,1,0,-0.03657585722942791,3.0,1,0,0,0,-5,4,-5,2
cfD_tailheavy_0_seed20260621_off1380,2,A,ALL_ACCEPT,0.003422313483914974,0.0292397660818714,0.029239766081871288,35,0.8536585365853658,40,5,40,0.037037037037037035,3,0,3,2.0573451214850955,0.0,-40,0,0,0,-135,-62,-112,-40
cfD_tailheavy_0_seed20260621_off1380,2,A,NONE_ACCEPT,-0.9883641341546886,-0.9707602339181286,-0.9532163742690059,-6,-0.14634146341463414,-172,-166,-233,-0.21574074074074073,-6,-3,-3,-10.696142661735848,,-40,0,0,0,-135,-64,-112,-40
cfD_tailheavy_0_seed20260621_off1380,2,A,Q10,0.003422313483914974,0.0292397660818714,0.029239766081871288,17,0.41463414634146345,22,5,22,0.020370370370370372,2,0,2,1.3128932909244568,0.0,-40,0,0,0,-135,-62,-112,-40
cfD_tailheavy_0_seed20260621_off1380,2,A,Q25,-0.0006844626967829059,-0.005847953216374213,-0.005847953216374324,0,0.0,-1,-1,-1,-0.0009259259259259134,0,0,0,-0.15885111021187726,0.0,-40,0,0,0,-135,-62,-112,-40
cfD_tailheavy_0_seed20260621_off1380,2,A,Q50,-0.049281314168377555,-0.1871345029239766,-0.17543859649122806,-5,-0.12195121951219512,-37,-32,-37,-0.03425925925925924,-5,-2,-3,-2.950226265808973,0.0,-40,0,0,0,-135,-62,-112,-40
cfD_tailheavy_0_seed20260621_off1380,2,A,Q60,-0.07392197125256739,-0.24561403508771928,-0.22807017543859653,-5,-0.12195121951219512,-47,-42,-48,-0.044444444444444425,-6,-3,-3,-3.6826889365254223,0.0,-40,0,0,0,-135,-62,-112,-40
cfD_tailheavy_0_seed20260621_off1380,2,A,Q70,-0.09582477754962393,-0.29239766081871343,-0.2748538011695907,-5,-0.12195121951219512,-55,-50,-57,-0.05277777777777776,-6,-3,-3,-4.415347409140959,0.0,-40,0,0,0,-135,-62,-112,-40
cfD_tailheavy_0_seed20260621_off1380,2,A,Q80,-0.12320328542094461,-0.3508771929824561,-0.33333333333333337,-6,-0.14634146341463414,-66,-60,-76,-0.07037037037037036,-6,-3,-3,-5.520563336038438,0.0,-40,0,0,0,-135,-62,-112,-40
cfD_tailheavy_0_seed20260621_off1380,2,A,Q90,-0.24093086926762486,-0.4385964912280701,-0.42105263157894735,-6,-0.14634146341463414,-81,-75,-106,-0.09814814814814814,-6,-3,-3,-6.211905520839546,0.0,-40,0,0,0,-135,-64,-112,-40
cfD_tailheavy_0_seed20260621_off1380,2,B,ALL_ACCEPT,0.003422313483914974,0.0292397660818714,0.029239766081871288,35,0.8536585365853658,40,5,40,0.037037037037037035,3,0,3,2.0573451214850955,0.0,-40,0,0,0,-135,-62,-112,-40
cfD_tailheavy_0_seed20260621_off1380,2,B,NONE_ACCEPT,-0.9883641341546886,-0.9707602339181286,-0.9532163742690059,-6,-0.14634146341463414,-172,-166,-233,-0.21574074074074073,-6,-3,-3,-10.696142661735848,,-40,0,0,0,-135,-64,-112,-40
cfD_tailheavy_0_seed20260621_off1380,2,B,Q10,0.003422313483914974,0.0292397660818714,0.029239766081871288,17,0.41463414634146345,22,5,22,0.020370370370370372,2,0,2,1.3128932909244568,0.0,-40,0,0,0,-135,-62,-112,-40
cfD_tailheavy_0_seed20260621_off1380,2,B,Q25,-0.001368925393566145,-0.011695906432748537,-0.011695906432748537,-2,-0.04878048780487804,-4,-2,-4,-0.003703703703703709,-1,0,-1,-0.37239028691886134,0.0,-40,0,0,0,-135,-62,-112,-40
cfD_tailheavy_0_seed20260621_off1380,2,B,Q50,-0.04106776180698146,-0.16374269005847952,-0.1578947368421053,-5,-0.12195121951219512,-33,-28,-34,-0.03148148148148147,-4,-1,-3,-2.5505039285067443,0.0,-40,0,0,0,-135,-62,-112,-40
cfD_tailheavy_0_seed20260621_off1380,2,B,Q60,-0.07392197125256739,-0.24561403508771928,-0.22807017543859653,-5,-0.12195121951219512,-47,-42,-48,-0.044444444444444425,-6,-3,-3,-3.808035253148307,0.0,-40,0,0,0,-135,-62,-112,-40
cfD_tailheavy_0_seed20260621_off1380,2,B,Q70,-0.09856262833675589,-0.29824561403508765,-0.2807017543859649,-5,-0.12195121951219512,-56,-51,-63,-0.05833333333333332,-6,-3,-3,-4.55246366180566,0.0,-40,0,0,0,-135,-62,-112,-40
cfD_tailheavy_0_seed20260621_off1380,2,B,Q80,-0.10951403148528416,-0.3216374269005847,-0.30409356725146197,-5,-0.12195121951219512,-60,-55,-68,-0.06296296296296294,-6,-3,-3,-4.71488497254431,0.0,-40,0,0,0,-135,-62,-112,-40
cfD_tailheavy_0_seed20260621_off1380,2,B,Q90,-0.1423682409308692,-0.36842105263157887,-0.3508771929824561,-6,-0.14634146341463414,-69,-63,-81,-0.07499999999999998,-6,-3,-3,-5.665770987052988,0.0,-40,0,0,0,-135,-62,-112,-40
cfD_tailheavy_0_seed20260621_off1380,2,D,FIXED,0.0,0.0,0.0,0,0.0,0,0,0,0.0,0,0,0,0.0,0.0,0,0,0,0,0,0,0,0
cfD_tailheavy_1_seed20260622_off1440,1,A,ALL_ACCEPT,-0.04115226337448563,0.0357142857142857,0.0,26,0.896551724137931,32,6,39,0.07222222222222224,9,6,3,1.3300321746478687,0.0,-32,0,0,0,-94,-71,-94,-27
cfD_tailheavy_1_seed20260622_off1440,1,A,NONE_ACCEPT,-0.737997256515775,-0.75,-0.75,-3,-0.10344827586206896,-129,-126,-182,-0.337037037037037,-1,0,-1,-8.5778292974271,,-68,0,0,0,-94,-236,-94,-59
cfD_tailheavy_1_seed20260622_off1440,1,A,Q10,-0.04115226337448563,0.0357142857142857,0.0,12,0.4137931034482759,18,6,25,0.046296296296296335,8,6,2,0.33677118917274385,0.0,-32,0,0,0,-94,-71,-94,-27
cfD_tailheavy_1_seed20260622_off1440,1,A,Q25,-0.04389574759945136,0.011904761904761862,-0.023809523809523836,3,0.10344827586206896,5,2,12,0.022222222222222254,7,6,1,-0.1635019314850723,0.0,-32,0,0,0,-94,-71,-94,-27
cfD_tailheavy_1_seed20260622_off1440,1,A,Q50,-0.09327846364883385,-0.18452380952380953,-0.18452380952380953,-3,-0.10344827586206896,-34,-31,-28,-0.051851851851851816,-1,0,-1,-2.6248554863663394,0.0,-33,0,0,0,-94,-99,-94,-27
cfD_tailheavy_1_seed20260622_off1440,1,A,Q60,-0.12071330589849105,-0.24404761904761907,-0.24404761904761907,-3,-0.10344827586206896,-44,-41,-41,-0.0759259259259259,-1,0,-1,-3.379780674283383,0.0,-33,0,0,0,-94,-114,-94,-27
cfD_tailheavy_1_seed20260622_off1440,1,A,Q70,-0.14814814814814803,-0.30357142857142855,-0.30357142857142855,-3,-0.10344827586206896,-54,-51,-58,-0.1074074074074074,-1,0,-1,-4.222731519060486,0.0,-33,0,0,0,-94,-122,-94,-27
cfD_tailheavy_1_seed20260622_off1440,1,A,Q80,-0.15637860082304522,-0.32142857142857145,-0.32142857142857145,-3,-0.10344827586206896,-57,-54,-61,-0.11296296296296296,-1,0,-1,-4.5158199675359665,0.0,-36,0,0,0,-94,-122,-94,-30
cfD_tailheavy_1_seed20260622_off1440,1,A,Q90,-0.12071330589849094,-0.30357142857142855,-0.30357142857142855,-3,-0.10344827586206896,-54,-51,-67,-0.12407407407407406,-1,0,-1,-4.192779706535626,0.0,-52,0,0,0,-94,-124,-94,-43
cfD_tailheavy_1_seed20260622_off1440,1,B,ALL_ACCEPT,1.1102230246251565e-16,0.029761904761904767,0.017857142857142905,26,0.896551724137931,31,5,30,0.05555555555555558,5,2,3,1.297329348847109,-2.0,-31,0,0,0,-94,-79,-94,-32
cfD_tailheavy_1_seed20260622_off1440,1,B,NONE_ACCEPT,-0.737997256515775,-0.75,-0.75,-3,-0.10344827586206896,-129,-126,-182,-0.337037037037037,-1,0,-1,-8.5778292974271,,-68,0,0,0,-94,-236,-94,-59
cfD_tailheavy_1_seed20260622_off1440,1,B,Q10,1.1102230246251565e-16,0.029761904761904767,0.017857142857142905,12,0.4137931034482759,17,5,16,0.029629629629629617,4,2,2,0.30406836337198406,-2.0,-31,0,0,0,-94,-79,-94,-32
cfD_tailheavy_1_seed20260622_off1440,1,B,Q25,-0.004115226337448652,-0.011904761904761862,-0.017857142857142905,1,0.034482758620689655,-1,-2,-2,-0.003703703703703709,2,1,1,-0.5054971888269328,-2.0,-31,0,0,0,-94,-79,-94,-32
cfD_tailheavy_1_seed20260622_off1440,1,B,Q50,-0.03292181069958844,-0.125,-0.125,-3,-0.10344827586206896,-24,-21,-28,-0.051851851851851816,-1,0,-1,-1.9190479798672886,-2.0,-39,0,0,0,-94,-110,-94,-38
cfD_tailheavy_1_seed20260622_off1440,1,B,Q60,-0.07407407407407418,-0.2142857142857143,-0.2142857142857143,-3,-0.10344827586206896,-39,-36,-49,-0.09074074074074073,-1,0,-1,-3.041898944175661,-1.4500000000000028,-39,0,0,0,-94,-123,-94,-38
cfD_tailheavy_1_seed20260622_off1440,1,B,Q70,-0.08504801097393677,-0.23809523809523814,-0.23809523809523814,-3,-0.10344827586206896,-43,-40,-53,-0.09814814814814812,-1,0,-1,-3.5406804876115086,-1.25,-39,0,0,0,-94,-123,-94,-38
cfD_tailheavy_1_seed20260622_off1440,1,B,Q80,-0.09327846364883396,-0.25595238095238093,-0.25595238095238093,-3,-0.10344827586206896,-46,-43,-57,-0.10555555555555554,-1,0,-1,-3.7704451784587327,-1.1000000000000085,-39,0,0,0,-94,-125,-94,-38
cfD_tailheavy_1_seed20260622_off1440,1,B,Q90,-0.11248285322359386,-0.2857142857142857,-0.2857142857142857,-3,-0.10344827586206896,-51,-48,-63,-0.11666666666666664,-1,0,-1,-4.196361926653217,-1.0,-45,0,0,0,-94,-127,-94,-43
cfD_tailheavy_1_seed20260622_off1440,1,D,FIXED,-0.04663923182441709,-0.005952380952380931,-0.029761904761904767,0,0.0,-1,-1,6,0.011111111111111127,4,4,0,-0.4355954059144267,0.0,1,0,0,0,0,6,0,6
cfD_tailheavy_1_seed20260622_off1440,2,A,ALL_ACCEPT,0.00137174211248281,0.011904761904761862,0.011904761904761973,23,0.7931034482758621,25,2,25,0.02314814814814814,2,0,2,1.4229966077020535,0.0,-25,0,0,0,-91,-46,-76,-25
cfD_tailheavy_1_seed20260622_off1440,2,A,NONE_ACCEPT,-0.9862825788751715,-0.9880952380952381,-0.9523809523809523,-6,-0.20689655172413793,-172,-166,-256,-0.23703703703703705,-8,-6,-2,-10.62169394092156,,-25,0,0,0,-91,-61,-76,-25
cfD_tailheavy_1_seed20260622_off1440,2,A,Q10,0.00137174211248281,0.011904761904761862,0.011904761904761973,9,0.31034482758620696,11,2,11,0.010185185185185186,1,0,1,0.4297356222269286,0.0,-25,0,0,0,-91,-46,-76,-25
cfD_tailheavy_1_seed20260622_off1440,2,A,Q25,-0.00137174211248281,-0.011904761904761973,-0.011904761904761862,0,0.0,-2,-2,-2,-0.0018518518518518545,0,0,0,-0.07053749843088575,0.0,-25,0,0,0,-91,-46,-76,-25
cfD_tailheavy_1_seed20260622_off1440,2,A,Q50,-0.05349794238683114,-0.2142857142857143,-0.1785714285714285,-6,-0.20689655172413793,-42,-36,-43,-0.03981481481481483,-8,-6,-2,-2.729797000744151,0.0,-25,0,0,0,-91,-46,-76,-25
cfD_tailheavy_1_seed20260622_off1440,2,A,Q60,-0.08093278463648879,-0.27380952380952384,-0.23809523809523803,-6,-0.20689655172413793,-52,-46,-56,-0.05185185185185187,-8,-6,-2,-3.4847221886611957,0.0,-25,0,0,0,-91,-47,-76,-25
cfD_tailheavy_1_seed20260622_off1440,2,A,Q70,-0.10836762688614543,-0.33333333333333337,-0.29761904761904756,-6,-0.20689655172413793,-62,-56,-73,-0.06759259259259259,-8,-6,-2,-4.327673033438297,0.0,-25,0,0,0,-91,-47,-76,-25
cfD_tailheavy_1_seed20260622_off1440,2,A,Q80,-0.14128943758573398,-0.36904761904761907,-0.33333333333333326,-6,-0.20689655172413793,-68,-62,-81,-0.07500000000000001,-8,-6,-2,-4.83206926399301,0.0,-25,0,0,0,-91,-48,-76,-25
cfD_tailheavy_1_seed20260622_off1440,2,A,Q90,-0.23731138545953367,-0.4464285714285715,-0.4107142857142857,-6,-0.20689655172413793,-81,-75,-116,-0.10740740740740742,-8,-6,-2,-5.526096155515949,-1.0,-25,0,0,0,-91,-61,-76,-25
cfD_tailheavy_1_seed20260622_off1440,2,B,ALL_ACCEPT,0.00137174211248281,0.011904761904761862,0.011904761904761973,23,0.7931034482758621,25,2,25,0.02314814814814814,2,0,2,1.4229966077020535,0.0,-25,0,0,0,-91,-46,-76,-25
cfD_tailheavy_1_seed20260622_off1440,2,B,NONE_ACCEPT,-0.9862825788751715,-0.9880952380952381,-0.9523809523809523,-6,-0.20689655172413793,-172,-166,-256,-0.23703703703703705,-8,-6,-2,-10.62169394092156,,-25,0,0,0,-91,-61,-76,-25
cfD_tailheavy_1_seed20260622_off1440,2,B,Q10,0.00137174211248281,0.011904761904761862,0.011904761904761973,9,0.31034482758620696,11,2,11,0.010185185185185186,1,0,1,0.4297356222269286,0.0,-25,0,0,0,-91,-46,-76,-25
cfD_tailheavy_1_seed20260622_off1440,2,B,Q25,-0.002743484224965731,-0.029761904761904767,-0.023809523809523725,-2,-0.06896551724137931,-7,-5,-7,-0.006481481481481477,-1,-1,0,-0.3798299299719883,0.0,-25,0,0,0,-91,-46,-76,-25
cfD_tailheavy_1_seed20260622_off1440,2,B,Q50,-0.04252400548696833,-0.19047619047619047,-0.15476190476190466,-6,-0.20689655172413793,-38,-32,-42,-0.03888888888888889,-8,-6,-2,-2.455370675747531,0.0,-25,0,0,0,-91,-47,-76,-25
cfD_tailheavy_1_seed20260622_off1440,2,B,Q60,-0.08367626886145452,-0.27976190476190477,-0.24404761904761896,-6,-0.20689655172413793,-53,-47,-63,-0.05833333333333335,-8,-6,-2,-3.5782216400559044,0.0,-25,0,0,0,-91,-47,-76,-25
cfD_tailheavy_1_seed20260622_off1440,2,B,Q70,-0.09465020576131711,-0.3035714285714286,-0.2678571428571428,-6,-0.20689655172413793,-57,-51,-67,-0.06203703703703706,-8,-6,-2,-4.077003183491752,0.0,-25,0,0,0,-91,-47,-76,-25
cfD_tailheavy_1_seed20260622_off1440,2,B,Q80,-0.10288065843621441,-0.3214285714285715,-0.2857142857142857,-6,-0.20689655172413793,-60,-54,-71,-0.06574074074074074,-8,-6,-2,-4.306767874338976,0.0,-25,0,0,0,-91,-47,-76,-25
cfD_tailheavy_1_seed20260622_off1440,2,B,Q90,-0.1714677640603567,-0.386904761904762,-0.35119047619047616,-6,-0.20689655172413793,-71,-65,-88,-0.08148148148148149,-8,-6,-2,-5.008936608655761,0.0,-25,0,0,0,-91,-50,-76,-25
cfD_tailheavy_1_seed20260622_off1440,2,D,FIXED,0.0,0.0,0.0,0,0.0,0,0,0,0.0,0,0,0,0.0,0.0,0,0,0,0,0,0,0,0
