source,arm,ordinal,offset,objective,rmse_complex,rmse_magnitude,rmse_angle,ddd_loss,ddd_alarm,bdd_alarm,P_balance_pu,Q_balance_pu,returned_flow_pu,V_violation_pu,P_gen_violation_pu,Q_gen_violation_pu,active_limit_violation_pu
OPSD_DE_2016-05-15,N,59,1,8411.18619665578,0.002275244838987268,0.0003317961265631865,0.0021564188833310006,0.007048545405268669,1,0,7.2810731749362034e-09,3.4378529023548765e-08,4.696457461544267e-16,0.0,0.0,0.0,0.0
OPSD_DE_2016-05-15,N,60,2,8387.60646396361,0.002430840700376446,0.00033945009564590676,0.0022910916477049017,0.007727574557065964,1,0,7.023280179652147e-09,3.3450918451860545e-08,1.1102230246251565e-15,0.0,0.0,0.0,0.0
OPSD_DE_2016-05-15,N,61,3,8364.055805306467,0.0024157329892153965,0.0002054549432668189,0.002310495578232969,0.008691845461726189,1,1,7.024500536800815e-09,3.3633772322794186e-08,1.868911564508667e-15,0.0,0.0,0.0,0.0
OPSD_DE_2016-05-15,N,62,4,8340.534238405442,0.0018830265909239301,0.00027194499816810105,0.0017938608168818419,0.009723012335598469,1,0,7.013817526768662e-09,3.3722696662907836e-08,8.881784197001252e-16,0.0,0.0,0.0,0.0
OPSD_DE_2016-05-15,N,63,5,8324.190028716897,0.0011378617477554656,0.0003613707236588483,0.0010317177704141337,0.011088806204497814,1,0,7.0005101715509e-09,3.374994717031399e-08,1.1679830169390686e-15,0.0,0.0,0.0,0.0
OPSD_DE_2016-05-15,N,64,6,8307.873562219414,0.001342044566977259,0.0005027629953861561,0.0011945766347130082,0.011937595903873444,1,0,6.968746246727164e-09,3.367008918897518e-08,4.518280359883027e-16,0.0,0.0,0.0,0.0
OPSD_DE_2016-05-15,N,65,7,8291.584861239246,0.0006840384276481926,0.0002674445517027842,0.000601735181915422,0.013361439108848572,1,0,6.919793404946972e-09,3.349103899763506e-08,1.1133411481696098e-15,0.0,0.0,0.0,0.0
OPSD_DE_2016-05-15,N,66,8,8312.253957486435,0.002549525401757056,0.0005483037087628274,0.002375878047348099,0.014497563242912292,1,0,6.832494570119252e-09,3.305337711867473e-08,2.329898311353923e-15,0.0,0.0,0.0,0.0
OPSD_DE_2016-05-15,N,67,9,8332.949529326606,0.0009751508463528057,0.0005176322593643612,0.0007962176200653064,0.015960369259119034,1,0,6.710214606187037e-09,3.244493618215216e-08,9.525827682465175e-16,0.0,0.0,0.0,0.0
OPSD_DE_2016-05-15,N,68,10,8353.671621545023,0.0023688204914159316,0.00026375593374002856,0.002254766686209678,0.01744319126009941,1,0,6.55428133988778e-09,3.1672588191034023e-08,3.609532307763045e-15,0.0,0.0,0.0,0.0
OPSD_DE_2016-05-15,N,69,11,8376.982870676278,0.0034665765938367817,0.0012742353675467295,0.0030988167343608364,0.018142754212021828,1,0,6.360175053288231e-09,3.071159915268851e-08,1.9221237110463635e-15,0.0,0.0,0.0,0.0
OPSD_DE_2016-05-15,N,70,12,8400.32452842628,0.0009446390874553143,0.00037362326778050796,0.0008376471378645067,0.01982925646007061,1,0,6.255239215491315e-09,3.0184534066668434e-08,4.518280359883027e-16,0.0,0.0,0.0,0.0
OPSD_DE_2016-05-15,I,59,1,8409.733235584135,0.002479535057993983,0.0003519926492799696,0.002348540112847611,0.007654236163944006,1,0,3.6360869870577517e-10,2.185504832663554e-09,4.632458786145298e-16,0.0,0.0,0.0,0.0
OPSD_DE_2016-05-15,I,60,2,8386.1410887003,0.002443947324108021,0.0003451236721684907,0.002300664136013512,0.008806969970464706,1,0,6.299020055555715e-08,4.054006115805642e-07,3.720308528245859e-15,0.0,0.0,0.0,0.0
OPSD_DE_2016-05-15,I,61,3,8362.579066471899,0.002110614012395644,0.00028835888311968047,0.0020052086646270817,0.01013155560940504,1,1,2.0610097739570676e-08,1.3002878712642385e-07,1.0087920413118926e-15,0.0,0.0,0.0,0.0
OPSD_DE_2016-05-15,I,62,4,8339.047684208308,0.0018048400443042407,0.00021798802616731155,0.0017230358868117136,0.01147175207734108,1,0,2.070922097696659e-08,1.3251040603678987e-07,9.036560719766055e-16,0.0,0.0,0.0,0.0
OPSD_DE_2016-05-15,I,63,5,8322.696560092298,0.001090145533326401,0.00035391549626870923,0.0009860781327237392,0.013043252751231194,1,0,2.0776177250825256e-08,1.345582919531907e-07,9.35593479949491e-16,0.0,0.0,0.0,0.0
OPSD_DE_2016-05-15,I,64,6,8306.374785702175,0.0013685962357231633,0.0004904781723796741,0.0012256199050503572,0.014387557283043861,1,0,2.0922358567876387e-08,1.365237579098455e-07,9.326619411365769e-16,0.0,0.0,0.0,0.0
OPSD_DE_2016-05-15,I,65,7,8290.082379045087,0.000769717153032819,0.0002511056627036091,0.000695752871197979,0.01584581844508648,1,0,2.1031727165388148e-08,1.3804367771097503e-07,9.298117831235686e-16,0.0,0.0,0.0,0.0
OPSD_DE_2016-05-15,I,66,8,8310.755925964024,0.0027161106275250227,0.0006278228926645661,0.00251956058634436,0.017115499824285507,1,0,2.1228311386511933e-08,1.4013326588013797e-07,9.012017851447574e-16,0.0,0.0,0.0,0.0
OPSD_DE_2016-05-15,I,67,9,8331.456243036448,0.0011150587688614224,0.0005561619230530744,0.0009325762760167786,0.018686950206756592,1,0,5.640773959036949e-11,3.0053182165090675e-10,1.803591922891276e-15,0.0,0.0,0.0,0.0
OPSD_DE_2016-05-15,I,68,10,8352.18544026199,0.002185542399877898,0.0003748294349066823,0.002060085324059481,0.02062254026532173,1,0,5.6556842542576646e-11,3.0025548714007755e-10,7.005534227155538e-16,0.0,0.0,0.0,0.0
OPSD_DE_2016-05-15,I,69,11,8375.505931554966,0.004048456628273648,0.0012229190175035778,0.003705909643097488,0.0222996324300766,1,0,5.6314730656481515e-11,2.977808555293393e-10,1.0269562977782698e-15,0.0,0.0,0.0,0.0
OPSD_DE_2016-05-15,I,70,12,8398.858343879172,0.0010350713533839326,0.0003454340125837717,0.0009419202590113437,0.02490517683327198,1,0,5.570027772350272e-11,2.9332253292935206e-10,9.012017851447574e-16,0.0,0.0,0.0,0.0
OPSD_DE_2016-05-15,D,59,1,8411.18619665578,0.002275244838987268,0.0003317961265631865,0.0021564188833310006,0.007048545405268669,1,0,7.2810731749362034e-09,3.4378529023548765e-08,4.696457461544267e-16,0.0,0.0,0.0,0.0
OPSD_DE_2016-05-15,D,60,2,8386.1410887003,0.002443947324108021,0.0003451236721684907,0.002300664136013512,0.008247836492955685,1,0,6.299020055555715e-08,4.054006115805642e-07,3.720308528245859e-15,0.0,0.0,0.0,0.0
OPSD_DE_2016-05-15,D,61,3,8362.579066471899,0.002110614012395644,0.00028835888311968047,0.0020052086646270817,0.009664635173976421,1,1,2.0610097739570676e-08,1.3002878712642385e-07,1.0087920413118926e-15,0.0,0.0,0.0,0.0
OPSD_DE_2016-05-15,D,62,4,8339.047684208308,0.0018048400443042407,0.00021798802616731155,0.0017230358868117136,0.011055037379264832,1,0,2.070922097696659e-08,1.3251040603678987e-07,9.036560719766055e-16,0.0,0.0,0.0,0.0
OPSD_DE_2016-05-15,D,63,5,8322.696560092298,0.001090145533326401,0.00035391549626870923,0.0009860781327237392,0.012602019123733044,1,0,2.0776177250825256e-08,1.345582919531907e-07,9.35593479949491e-16,0.0,0.0,0.0,0.0
OPSD_DE_2016-05-15,D,64,6,8306.374785702175,0.0013685962357231633,0.0004904781723796741,0.0012256199050503572,0.013946102000772953,1,0,2.0922358567876387e-08,1.365237579098455e-07,9.326619411365769e-16,0.0,0.0,0.0,0.0
OPSD_DE_2016-05-15,D,65,7,8290.082379045087,0.000769717153032819,0.0002511056627036091,0.000695752871197979,0.01584581844508648,1,0,2.1031727165388148e-08,1.3804367771097503e-07,9.298117831235686e-16,0.0,0.0,0.0,0.0
OPSD_DE_2016-05-15,D,66,8,8310.755925964024,0.0027161106275250227,0.0006278228926645661,0.00251956058634436,0.017115499824285507,1,0,2.1228311386511933e-08,1.4013326588013797e-07,9.012017851447574e-16,0.0,0.0,0.0,0.0
OPSD_DE_2016-05-15,D,67,9,8331.456243036448,0.0011150587688614224,0.0005561619230530744,0.0009325762760167786,0.018686950206756592,1,0,5.640773959036949e-11,3.0053182165090675e-10,1.803591922891276e-15,0.0,0.0,0.0,0.0
OPSD_DE_2016-05-15,D,68,10,8352.18544026199,0.002185542399877898,0.0003748294349066823,0.002060085324059481,0.02062254026532173,1,0,5.6556842542576646e-11,3.0025548714007755e-10,7.005534227155538e-16,0.0,0.0,0.0,0.0
OPSD_DE_2016-05-15,D,69,11,8375.505931554966,0.004048456628273648,0.0012229190175035778,0.003705909643097488,0.0222996324300766,1,0,5.6314730656481515e-11,2.977808555293393e-10,1.0269562977782698e-15,0.0,0.0,0.0,0.0
OPSD_DE_2016-05-15,D,70,12,8398.858343879172,0.0010350713533839326,0.0003454340125837717,0.0009419202590113437,0.02490517683327198,1,0,5.570027772350272e-11,2.9332253292935206e-10,9.012017851447574e-16,0.0,0.0,0.0,0.0
OPSD_DE_2016-07-15,N,63,1,15101.97417844738,0.00043422522618039857,0.0002350028723053173,0.0003543949693316492,0.006796491332352161,1,0,1.462057364065572e-09,1.112838193817467e-08,9.829745943304315e-16,0.0,0.0,0.0,0.0
OPSD_DE_2016-07-15,N,64,2,15301.789592247947,0.0013058562588334124,0.00041939480740063356,0.0011850258770714258,0.0072654192335903645,1,0,1.3459980907626345e-09,1.1361270174647942e-08,6.661338147750939e-16,0.0,0.0,0.0,0.0
OPSD_DE_2016-07-15,N,65,3,15501.814014331952,0.001809244719784477,0.0004400296248066249,0.0016976315479709904,0.007738872431218624,1,0,2.4802160325521072e-09,2.1487003176723363e-08,8.989550626504553e-16,0.0,0.0,0.0,0.0
OPSD_DE_2016-07-15,N,66,4,15555.094641739273,0.002094518601067601,0.0002842704151193945,0.002012848764260498,0.008946135640144348,1,0,3.62035679213335e-09,3.1430832825307675e-08,2.1784590829218225e-15,0.0,0.0,0.0,0.0
OPSD_DE_2016-07-15,N,67,5,15608.405635635605,0.0012353004259451873,0.000800537463891509,0.0009129507332869286,0.01030834298580885,1,0,5.620007959006301e-09,4.635416557541294e-08,9.424642647609475e-16,0.0,0.0,0.0,0.0
OPSD_DE_2016-07-15,N,68,6,15661.747058911697,0.0007139797914224459,0.0005568213886439666,0.00043138330195008665,0.01097901538014412,1,0,8.626304975889454e-09,6.790630462105707e-08,1.5454273596758312e-15,0.0,0.0,0.0,0.0
OPSD_DE_2016-07-15,N,69,7,15719.915930576097,0.0010616153114213476,0.0003506906080500694,0.0009651053621807865,0.012872151099145412,1,0,1.381832580304998e-08,1.0470248994198794e-07,3.606869577316152e-15,0.0,0.0,0.0,0.0
OPSD_DE_2016-07-15,N,70,8,15778.128547012035,0.0015545836038846417,0.00015589700855054217,0.0014923750169259734,0.014574449509382248,1,0,1.7851766061227625e-07,1.3884638916661363e-06,4.718447854656915e-16,0.0,0.0,0.0,0.0
OPSD_DE_2016-07-15,N,71,9,15836.386707265461,0.0007329023505774128,0.00042020670949951356,0.0005807603492459275,0.015962764620780945,1,0,2.878861146138334e-07,2.2402411385957777e-06,3.675188550155888e-15,0.0,0.0,0.0,0.0
OPSD_DE_2016-07-15,N,72,10,15854.84211661742,0.0036713977060808113,0.00046577047104186064,0.0035191454841806934,0.01765403151512146,1,0,3.342625716357128e-07,2.5685478140108353e-06,9.01055267171292e-16,0.0,0.0,0.0,0.0
OPSD_DE_2016-07-15,N,73,11,15873.32345252805,0.002072577776997504,0.0002437224031109576,0.0019988721117647906,0.0202390905469656,1,0,3.7912571000664474e-07,2.8870022358989944e-06,6.661338147750939e-16,0.0,0.0,0.0,0.0
OPSD_DE_2016-07-15,N,74,12,15891.8309376428,0.0010883680202763701,0.0001529773895694833,0.0010436568447788012,0.0230836383998394,1,0,4.097129840258118e-07,3.0900860219090776e-06,5.0895734351719815e-16,0.0,0.0,0.0,0.0
OPSD_DE_2016-07-15,I,63,1,15129.488467141811,0.0005144971954061711,0.00024398065123348275,0.00043925784032189705,0.00854412466287613,1,0,5.410174530595668e-10,2.297355083946684e-09,3.561545724537567e-15,0.0,0.0,0.0,0.0
OPSD_DE_2016-07-15,I,64,2,15329.306265510597,0.0015510584980856106,0.0004183413311923726,0.0014342308582908085,0.010442674160003662,1,0,5.68950899726417e-08,2.012740507040256e-07,1.839543176334585e-15,0.0,0.0,0.0,0.0
OPSD_DE_2016-07-15,I,65,3,15529.329135216349,0.0020338760967935866,0.000494966281015376,0.001911666352480314,0.012294754385948181,1,0,6.972785449033125e-08,2.926286726268046e-07,1.0103182026100664e-15,0.0,0.0,0.0,0.0
OPSD_DE_2016-07-15,I,66,4,15582.589981636784,0.0017930629278487022,0.0002755104840642754,0.001722136745775175,0.015245847404003143,1,0,8.830983000418513e-08,3.917051801943794e-07,8.881784197001252e-16,0.0,0.0,0.0,0.0
OPSD_DE_2016-07-15,I,67,5,15635.880986510914,0.0013900093597512832,0.0007820494440245359,0.0011222136393700894,0.018167616799473763,1,0,9.68365985176689e-08,4.5847066547366477e-07,1.898076052801724e-15,0.0,0.0,0.0,0.0
OPSD_DE_2016-07-15,I,68,6,15689.202132741528,0.001087062696445763,0.0006650294947209772,0.0008318397186992124,0.020374735817313194,1,0,1.0979182674120125e-07,5.443555988610127e-07,1.7958200611075785e-15,0.0,0.0,0.0,0.0
OPSD_DE_2016-07-15,I,69,7,15747.34306222566,0.0012481811051963032,0.00038566549599661513,0.0011455350377032607,0.021750694140791893,1,0,1.8551463698557313e-09,1.0134071234957354e-08,1.8361468368662893e-15,0.0,0.0,0.0,0.0
OPSD_DE_2016-07-15,I,70,8,15805.528662567862,0.0014311730295030799,0.00018826887479176592,0.00137093868367896,0.023045869544148445,1,0,3.971303730310183e-09,2.2165003166207953e-08,1.807312143953211e-15,0.0,0.0,0.0,0.0
OPSD_DE_2016-07-15,I,71,9,15863.759006199007,0.0009795545148433146,0.0005110082213234294,0.0008104004018456302,0.02428268827497959,1,0,8.934316841902046e-09,5.035357036886623e-08,9.024030855086507e-16,0.0,0.0,0.0,0.0
OPSD_DE_2016-07-15,I,72,10,15882.1852288959,0.003880434181697416,0.0004964713589043707,0.003730294844314793,0.02531505562365055,1,0,1.6105797140397726e-08,9.11476035758696e-08,4.613190423717512e-16,0.0,0.0,0.0,0.0
OPSD_DE_2016-07-15,I,73,11,15900.637623793895,0.002418466179977461,0.00027534248383077745,0.002341812241994579,0.027568476274609566,1,0,2.8096782456188407e-08,1.5933517363841965e-07,1.7958200611075785e-15,0.0,0.0,0.0,0.0
OPSD_DE_2016-07-15,I,74,12,15919.116235654234,0.0008611165490524037,0.00024934684917556895,0.0008057886813572025,0.029704982414841652,1,0,4.682103416087102e-08,2.658057669663316e-07,3.745666090146335e-15,0.0,0.0,0.0,0.0
OPSD_DE_2016-07-15,D,63,1,15101.97417844738,0.00043422522618039857,0.0002350028723053173,0.0003543949693316492,0.006796491332352161,1,0,1.462057364065572e-09,1.112838193817467e-08,9.829745943304315e-16,0.0,0.0,0.0,0.0
OPSD_DE_2016-07-15,D,64,2,15329.306265510597,0.0015510584980856106,0.0004183413311923726,0.0014342308582908085,0.00869154091924429,1,0,5.68950899726417e-08,2.012740507040256e-07,1.839543176334585e-15,0.0,0.0,0.0,0.0
OPSD_DE_2016-07-15,D,65,3,15529.329135216349,0.0020338760967935866,0.000494966281015376,0.001911666352480314,0.010529444552958012,1,0,6.972785449033125e-08,2.926286726268046e-07,1.0103182026100664e-15,0.0,0.0,0.0,0.0
OPSD_DE_2016-07-15,D,66,4,15582.589981636784,0.0017930629278487022,0.0002755104840642754,0.001722136745775175,0.013429339975118637,1,0,8.830983000418513e-08,3.917051801943794e-07,8.881784197001252e-16,0.0,0.0,0.0,0.0
OPSD_DE_2016-07-15,D,67,5,15635.880986510914,0.0013900093597512832,0.0007820494440245359,0.0011222136393700894,0.016281599178910255,1,0,9.68365985176689e-08,4.5847066547366477e-07,1.898076052801724e-15,0.0,0.0,0.0,0.0
OPSD_DE_2016-07-15,D,68,6,15689.202132741528,0.001087062696445763,0.0006650294947209772,0.0008318397186992124,0.018517808988690376,1,0,1.0979182674120125e-07,5.443555988610127e-07,1.7958200611075785e-15,0.0,0.0,0.0,0.0
OPSD_DE_2016-07-15,D,69,7,15747.34306222566,0.0012481811051963032,0.00038566549599661513,0.0011455350377032607,0.021750694140791893,1,0,1.8551463698557313e-09,1.0134071234957354e-08,1.8361468368662893e-15,0.0,0.0,0.0,0.0
OPSD_DE_2016-07-15,D,70,8,15805.528662567862,0.0014311730295030799,0.00018826887479176592,0.00137093868367896,0.023045869544148445,1,0,3.971303730310183e-09,2.2165003166207953e-08,1.807312143953211e-15,0.0,0.0,0.0,0.0
OPSD_DE_2016-07-15,D,71,9,15863.759006199007,0.0009795545148433146,0.0005110082213234294,0.0008104004018456302,0.02428268827497959,1,0,8.934316841902046e-09,5.035357036886623e-08,9.024030855086507e-16,0.0,0.0,0.0,0.0
OPSD_DE_2016-07-15,D,72,10,15882.1852288959,0.003880434181697416,0.0004964713589043707,0.003730294844314793,0.02531505562365055,1,0,1.6105797140397726e-08,9.11476035758696e-08,4.613190423717512e-16,0.0,0.0,0.0,0.0
OPSD_DE_2016-07-15,D,73,11,15900.637623793895,0.002418466179977461,0.00027534248383077745,0.002341812241994579,0.027568476274609566,1,0,2.8096782456188407e-08,1.5933517363841965e-07,1.7958200611075785e-15,0.0,0.0,0.0,0.0
OPSD_DE_2016-07-15,D,74,12,15919.116235654234,0.0008611165490524037,0.00024934684917556895,0.0008057886813572025,0.029704982414841652,1,0,4.682103416087102e-08,2.658057669663316e-07,3.745666090146335e-15,0.0,0.0,0.0,0.0
